title,url,summary
「キミはせかいのはじまりをしっているか」～ポケモン本編の悪の組織とは～【リモポケ学会#4】,https://www.youtube.com/watch?v=tYP62qoR0Bw,"この動画では、主に政府や人間のバックボーンについての議論が行われています。赤城が政府に対する見解を述べ、人間のバックボーンについて考察しています。また、新作のスカーレットバイオレットが1月18日に発売されることが発表され、その作品がオープンワールドで進行が自由であることが明らかにされました。物語を進行させるか、ストップさせるかについての議論もあり、悪の組織についての考察も行われています。

その後、視聴者からの質問や感想を募集し、それに対する回答が行われています。特に、アーサー車台の存在についての質問や、ロシアのシリーズについての見解を求める質問などがありました。また、ゲームの概念や魅力についての議論も行われ、特にポケモンゴーについての話題が出てきました。その他にも、悪の普遍的な概念についての議論や、世界の発展についての意見などが述べられています。"
「伝説の鳥ポケモン」とは何か～ファイヤーは既に進化したポケモンである～【リモポケ学会#3】,https://www.youtube.com/watch?v=C_8lQ0Epy7E,この動画では、主にゲームに関するディスカッションが行われています。特定の技やキャラクターの能力についての詳細な分析が含まれています。また、特定のキャラクターが特定の技を覚えることができるかどうかについても議論されています。さらに、一部のキャラクターが特定の要素を失った理由についても触れられています。動画の終わりには、視聴者からの質問に対する回答の時間が設けられています。また、動画の終了後も質疑応答の時間が設けられていることが言及されています。全体的に、この動画はゲームの特定の側面について深く掘り下げた内容となっています。
『ティラノサウルスの化石』を探しに行こう【リモポケ学会#3】,https://www.youtube.com/watch?v=BhSinaoJM4c,"この動画では、発表者が自身の作品について語っています。彼は現実の世界観とポケモンの世界観を比較しながら、よりポケモンの世界に深く潜っていくことを目指して制作したと述べています。彼のプレゼンテーションはポケモン化石博物館ほどのものではないと自己評価していますが、視聴者がポケモンの世界に近づいたと感じたなら、それ以上の喜びはないと述べています。

また、発表者はこの発表に協力した多くの人々に感謝の意を表しています。彼は特に、フレーム画像やテンプレートなどの物資を提供した人々、そしてプロジェクトの進行を支えたスタッフや関係者に感謝しています。

さらに、発表者はティラノサウルスについてのテーマを取り上げ、それがどのような意味を持つのか、そしてそれがどのような本質的なものなのかについて語っています。彼はこのテーマを選んだ理由や、それをどのようにまとめ上げたのかについても触れています。

最後に、発表者はポケモンの世界についての独自の解釈を述べています。彼はポケモンの世界を、人間とポケモン以外の動物が存在しない世界として表現しています。これは彼が20年ほど前に構築したポケモンの世界観に基づいています。"
『未知』の存在について【リモポケ学会#2】,https://www.youtube.com/watch?v=RlUth3y71QY,"この動画では、主に英語と日本語を交えた深い議論が展開されています。特定の主題についての考察や意見交換が行われており、その中で様々な視点や知識が披露されています。また、視聴者からのコメントや質問に対する反応も見受けられます。

一部では、シンボルや象形文字、文化の起源についての考察が行われています。ナスカの地上絵がモチーフとして取り上げられ、その象形文字から文化が生まれた可能性について議論がなされています。また、視聴者からのコメントに対して、その視点が鋭いと評価しています。

また、動画の中では、特定のURLや小説について言及されています。これについては、視聴者に感想を求めています。さらに、台風についての話題も出てきており、これについてはさらなる議論を求めているようです。

動画の終わりには、コミュニティの拡大とコミュニケーションの重要性について触れています。視聴者に対して、コミュニティを広げてコミュニケーションを取ることを奨励しています。

また、別の部分では、英単語の存在についての議論が行われています。これについては、プレゼンテーションが可能なほどの内容があると述べています。さらに、特定の人物や場所についても言及されており、それらがどのように教えられたか、誰がその場所を知っているのかといった問いについて考察しています。

最後に、びっくりとはてなについての考察が行われています。これについては、感情を表すモースという観点から考えられると述べています。"
&quot;今&quot;をトキメク　1/8192の世界【リモポケ学会#2】,https://www.youtube.com/watch?v=PCElzkYT78k,"この動画では、色違いのポケモンについての話題が中心になっています。まず、色違いのポケモンが出現する確率が1/8192であることについて触れ、その出現率の低さについての意見を述べています。その上で、色違いのポケモンが欲しい人が何らかの手段でそれを得ることができる環境について肯定的な意見を述べています。また、ジェンダーアルセウスやポケモンゴーなど、手に入れやすいポケモンについても触れています。

次に、色違いのポケモンが孵化する可能性について説明しています。特定の方法を利用して卵の状態で色違いのポケモンが出現する可能性を高めることができ、その方法を並行世界で繰り返すことで色違いのポケモンが生まれる世界にたどり着くと説明しています。

さらに、色違いのポケモンについての説明が不足しているかもしれないと述べつつ、視聴者が1/8192の世界に興味を持つことを願っています。また、過去に色違いのポケモンに取り組んでいたフォロワーさんや、資料提供をしてくれた3名に感謝の意を表しています。

最後に、視聴者に対して、もし興味があれば色違いのポケモンを探すことを勧め、新たなポケモンとのドラマが待っていることを約束しています。そして、色違いのポケモンは確実に出現すると強調し、視聴者に感謝の言葉を述べて動画を終えています。"
96～&#39;99 ポケモンホビーを共に振り返ろう【リモポケ学会#5】,https://www.youtube.com/watch?v=f29jmmz77N4,"この動画では、主にポケモンについてのプレゼンテーションが行われています。まず、視聴者に対して質問がある場合はコメント欄に投稿するように指示が出されています。その後、プレゼンターは自身が新参者であること、そして以前に公園祭で実際の64を見た経験があることを語ります。

プレゼンテーションの中で、特定のポケモン関連商品について触れられています。例えば、「ちびぽけハウス」や「ポケモンクリスマスコット」などの商品が挙げられています。これらの商品はモンスターボールの形をしたぬいぐるみで、ジッパーを開けると別のぬいぐるみが出てくるという特徴があります。しかし、これらの商品についての詳細な情報は限られており、オークションサイトで見つけることができる程度だと述べています。

その後、ポケモンがどのように生まれ、なぜ多くの人々に受け入れられたのかについての解説が行われます。この部分の詳細な内容は明らかにされていませんが、ポケモンの誕生とその普及についての解説が行われていることがわかります。

最後に、10分間の休憩が取られることが告げられ、その後の進行については明らかにされていません。"
AIは「ふしぎな生きもの」の夢を見るか【リモポケ学会#6】,https://www.youtube.com/watch?v=z4XULbTxi3c,"この動画では、AIを用いたさまざまな実験とその結果について語られています。まず、AIが未来パラドックスや古来の難しさを理解し、それに基づいて何かを生成する可能性について話しています。また、ビデオの選択理由として、大量のデータが存在するため、それらを利用して何かを生成するのが容易であると述べています。

さらに、AIを用いて新しい模様を簡単に作成することが可能であると説明しています。また、音声を生成できるAIモデルを使用して、ポケモンの新しい鳴き声を生成しようとした経緯についても触れています。しかし、時間がなく開発を進めることができなかったため、その計画は消えてしまったと述べています。

次に、AIが絵を描く能力について話しています。AIが音楽を再生する能力についても触れ、その驚きを表現しています。また、AIが絵を描く能力については、多くの人が知っていると述べています。

その後、特定の種の部分がピンクに色づいて徐々に蕾になるなど、徐々に特徴が変化していく過程を観察することができたと説明しています。また、体格が徐々にがっしりとしたような体格になっていったり、肌の色味が徐々に変化していく様子を捉えることができたと述べています。

最後に、テキサとイメージというモデルを使用した実験について説明しています。このモデルは、テキストを入力することで関連する画像を生成したり、テキストによって画像を好みの形に変換する機能を持っています。そして、今回使用するモデルはステーブルディフュージョンというモデルで、これを使用すると写実的なリアルな雰囲気の画像を生成することができると述べています。"
AR写真をはじめよう！夢と冒険とポケットモンスターの世界へ！【リモポケ学会#3】,https://www.youtube.com/watch?v=-IcrOK4bWws,この動画では、写真撮影を始めることを勧めています。現実世界を夢と冒険とポケットモンスターの世界として見ることを提案しています。プレゼンテーションが終わった後、視聴者からの感謝の言葉が述べられ、そのプレゼンテーションの内容と方法、そして使用された資料の質について高く評価されています。視聴者は驚いており、さまざまな観点からこのプレゼンテーションを評価しています。その後、視聴者に対して、YouTubeのコメント欄やTwitterで質問やコメントを投稿するように促しています。特に長文のコメントを書きたい場合はTwitterを推奨しています。その後、視聴者がライトプレイヤーとして感じること、そしてポッ系を取るのが大変だという話題に移ります。
GO TO MASUDA【リモポケ学会#2】,https://www.youtube.com/watch?v=9yb4cPXmbWA,"この動画では、主に富士急ハイランドでの体験やポケモンについての話題が中心となっています。富士急ハイランドに行った理由として、アイカツのイベントがあったためと述べています。また、その場で撮った写真には七倉小春というアイカツスターズのキャラクターのぬいぐるみが映っていました。

ポケモンについては、外伝作品の存在について言及しています。特にポケモンスマイルについて、多くのポケモンファンがそれを外伝と考えていると述べています。しかし、ポケモンスマイルはゲームフリークが開発していないため、外伝という位置づけになると説明しています。

さらに、ポケモンに関連した予測や過去のエピソードについても触れています。特に、ビードルのスクリーンショットを上げた際に、ファンがそれを新たな進化のヒントと勘違いしたエピソードを紹介しています。

また、海外旅行についての話題もあり、自身が海外に行ったことはないと述べつつ、地図を見ることや場所を調べることが好きであると話しています。特に、食べることが好きなため、一流のレストランに行きたいという願望を明かしています。

最後に、富士そばと増田屋という二つの飲食店について触れています。富士そばはチェーン店であるため、あまり期待しない方が良いと述べつつ、増田屋は見るからに美味しそうだと評しています。"
LEGENDSアルセウス コトブキムラ住民動態【リモポケ学会#3】,https://www.youtube.com/watch?v=aiwbMUK7Jo0,"この動画では、主にゲームの攻略やその中での体験について語られています。まず、ゲーム内のサブ任務について触れ、それらがいくつかのヒントを提供していることを指摘しています。また、ゲーム内での体験が現代の文化交流や差別の歴史に対しても同様のことが言えると述べています。

さらに、ゲーム内での異質な存在についても触れており、当初は遠ざけたいと思っていたものが次第に融和していく様子を説明しています。また、ポケモンが強い生き物である一方で、調査を進めることで人の営みを脅かすものばかりではないことが分かったと述べています。

しかし、共存が難しいものも存在し、そのような場合には、内容を遠ざけるのではなく、ぶつかり合って解決策を見つけることが求められていると指摘しています。全ての命が別の命と出会い何かを生み出すという考え方を提唱し、それぞれが伸びやかに生きられるような状況を模索し続けるべきだと述べています。

また、ゲームの攻略についても触れており、自分の経験だけでなく、他の攻略サイトを参考にしたことも明らかにしています。その後、時間の都合上、質問や感想の時間を終え、出演者に感謝の言葉を述べて動画を締めくくっています。"
Pokémon WCSを楽しもう カードゲーム編【リモポケ学会ex】,https://www.youtube.com/watch?v=bHUte8v_lXs,"この動画では、主にポケモンカードの世界大会について話しています。主催者はスケジュール表を確認し、D3の残りの日程について言及していますが、具体的な詳細は明らかにされていません。彼はトップ8の部分については確認できると述べています。

また、視聴者に対して質問や感想があるかどうか尋ね、その後、自身が店長を務める「vファクトリー東京」というお店の宣伝を行います。このお店は会員制で、少し入りづらいかもしれないと述べつつ、視聴者に遊びに来るように呼びかけています。

さらに、友人である伊藤慎太郎君と米田拓也さんについて話しています。伊藤慎太郎君は長年の友人で、一緒にポケモンカードを楽しむ仲間です。米田拓也さんはポケモンカードの世界大会に常に参加し続けている選手で、非常に強いと評価しています。

最後に、D4という場所で行われる決勝戦について触れています。ポケモンカードだけでなく、他のゲームの大会もこの場所で決勝戦が行われると述べています。ポケモンカードの大会は朝9時から始まり、ジュニア、シニア、マスターの順番で75分間の大会が各カテゴリーごとに行われます。

この動画の目的は、ポケモンカードの世界大会の配信を見るべきポイントを視聴者に伝えることで、ポケモンカードが大好きな人たちが集まる祭典として、各国のプレイヤーにエールを送る素晴らしい機会を提供することです。"
ある男【リモポケ学会#6】,https://www.youtube.com/watch?v=YGHAc3R7haQ,"この動画では、AIとポケモンについての話題が中心となっています。AIの進化について触れた後、ポケモンを通じてAIについて詳しく説明し、視聴者がAIに親しみを持つことを目指しています。また、AIが不思議な生き物の夢を見るかどうかについても言及しています。その後、10分の休憩を挟みます。

次に、王冠を使った戦略やバフの使用について話し、直接攻撃するスタイルが好きであることを述べています。また、筋トレが趣味であることや、小細工なしの真っ向勝負を好むことも明らかにしています。

さらに、ダンデとキバナがリーグの同期であることが判明し、ダンデの年齢が19から20歳ぐらいであるという視聴者からのコメントに対して、リーグには様々な年齢の人が参加していると述べ、ダンデの年齢が必ずしもその範囲であるとは限らないと説明しています。しかし、ダンデが高齢ではないこと、そしてソニアが博士課程の年齢であることを考慮すると、ダンデはおそらく20代前半であると推測しています。"
エーフィは何故たいようのいしで進化しないのか？【リモポケ学会#5】,https://www.youtube.com/watch?v=_48Gp5ybxys,"この動画では、ポケモンの世界について深く議論しています。特に、ポケモンの進化についての詳細な考察が行われています。例えば、ベトベターが月からのX線でポケモンになったという話や、現在の科学とポケモンの世界との差異について触れています。

また、特定のポケモンの進化方法についても言及しています。具体的には、雷の石を使ってレアコイルがジバコイルに進化することや、特殊な磁場でレアコイルが自爆オイルに進化すること、デンヂムシが桑子に進化することなどが話題に上がっています。

さらに、特殊な磁場でイーブイがサンダースに進化しない理由についても考察しています。その理由として、特殊な磁場は鋼タイプのポケモンに影響を与えるという視点が提供されています。

このように、この動画はポケモンの進化やそのメカニズムについての深い議論を提供しています。"
オニシズクモがすごい！【リモポケ学会#mini1】,https://www.youtube.com/watch?v=l7IJZtSdhq4,"この動画では、特定のデザイン要素についてのプレゼンテーションが行われています。複数の意味を持たせるアイディアについて語られ、それまでのデザインを逆転させる試みや顔の位置についての議論がなされています。これらの要素は一つの集大成のような組み立てとして考えられています。また、特定のデザイン要素、例えば「3足歩行と残った3本の足が水泡の支えになっている」という構造についても触れられています。

プレゼンテーションの後、視聴者からの質疑応答の時間が設けられています。視聴者はYouTubeのコメント欄やTwitterで質問を投稿することができます。特に、アリアドスの後ろの部分が足なのかという質問が取り上げられ、それがバトル後のモーションで体を支える役割を果たしているかどうかについて議論されています。また、最近の作品ではその部分がどのように描かれているのか、または使用されているのかについても言及されています。"
コイキングの強さ ギャラドスの弱さ【リモポケ学会#7】,https://www.youtube.com/watch?v=1ppzheaqgO0,"この動画では、プレゼンターがポケモンについての質疑応答を行っています。彼はポケモンの物理数学について話し、その宇宙に存在する教育と自然の摂理について語ります。彼は視聴者にポケモンワールドの真髄への議論を提供し、次のセッションを予告します。

また、彼はポケモンの育成やバリエーションについても触れています。特に、ギャラドスの存在について話し、その生態や図鑑説明について語ります。彼はギャラドスが平気で大量に存在すること、そしてその生態が図鑑説明とは異なることを指摘します。

さらに、彼はゲーム内でのポケモンの技の違いについても言及します。特に、コイキングの技が増えて強くなった理由について考察します。彼は、コイキングが山を越えることができるほど強くなったことを指摘し、その一方で、他のポケモンが同じ技を覚えた場合にはそれらがより強い可能性があることも認めます。"
サンドイッチ爆発学番外編 「なぜ我々は高所から具材を落とすのか？」【リモポケ学会#mini1】,https://www.youtube.com/watch?v=t28BmPqdOgw,"この動画では、ポケットモンスターのスカーレットバイオレットで遊べるミニゲーム、サンドウィッチ作りについてのプレゼンテーションが行われています。プレゼンテーションの内容は仮説に基づいた研究であり、妄想の域を出ないものであると明言されています。また、プレゼン内容の整合性を高めるために仮説を利用したり主観で話を進めている箇所が多いとのことです。

サンドウィッチ作りのミニゲームでは、具材と味付けを選び、パンの上にバランスよく乗せていくと説明されています。しかし、上手に積み上げないとパンから具材が落ちたり、具材が崩れたりするアクシデントが起きる可能性があるとのことです。

その後、視聴者からの質問に答えるセッションが行われています。質問は「なぜネギカレーを選んだのか」や「ポフィンとオニシズコモはどっちがすごいのか」など、ゲーム内の要素に関するものが多いです。また、視聴者からの質問はYouTubeのコメント欄やTwitterで受け付けているとのことです。

また、この動画では「サンドイッチ爆発学」という表現が使われていますが、公式サイトでは「サンドウィッチ」と表記されていると説明されています。その理由として、Twitterのハッシュタグを更新し続けてしまい、今更変更できないと判断したことが挙げられています。"
ジムリーダーから考えるキャラクターコンテンツとしてのポケモン【リモポケ学会#7】,https://www.youtube.com/watch?v=JiAz2LRPl0Y,"この動画では、主にジムリーダーについての議論が行われています。視聴者との対話やチャレンジに関わることが多く、ジムリーダーとの会話が可能な場面が増えることが望まれています。また、特定のジムリーダーとデートするなどの新しい要素が追加されることも期待されています。

質疑応答のセッションが終了した後、次のプレゼンテーションの予告があり、それは糀谷さんによる「記念スパイス徹底考察なぜシブスパイスではなく使用スパイスなのか」についてのものです。このプレゼンテーションでは、スパイスの特性やその使用方法について深く探求される予定です。

さらに、ビッグウェーブに乗ってこれまで目立たなかったトレーダーにスポットが当たるという話題も取り上げられています。ジムリーダーの大勝利と未来への希望についても触れられています。

また、ゲーム内のポケモンリーグやジムリーダーの商業的な側面についての考察が行われています。人気投票の結果も紹介され、男女のジムリーダーが一致して人気があること、特定の世代のキャラクターが好まれる傾向などが明らかにされています。特に、8世代と9世代のキャラクターが人気があることが指摘されています。"
ジムリーダーから考えるポケモンリーグ～組織と地域性～【リモポケ学会#6】,https://www.youtube.com/watch?v=z1SmXnawQLw,"この動画では、ポケモンリーグとその組織についての考察が行われています。まず、自己紹介として、話者がアマチュアで私学と文化人類学を趣味としていること、そしてホイップが大好きな人間であることが語られます。その後、ポケモンリーグが存在する理由や組織についての考察が始まります。また、ポケモンリーグが存在しない地域についても触れられています。

話者は、ポケモンリーグの存在理由について、野生のポケモンに対抗するためと説明します。また、ポケモンを戦わせる理由として、ポケモンに刺激を与え、ゼネラリスト（広範囲で知識やスキルを所有している人）を育てる目的があると述べています。スペシャリストではなくゼネラリストを育てる必要がある理由についても触れられています。

さらに、ポケモンレンジャーがポケモン界のスペシャリストの代表であると指摘し、彼らの育成には大きなコストがかかると説明します。具体的には、特殊な機材や制服のコスト、そしてポケモンをキャプチャーする難しさなどが挙げられています。これらのコストが高すぎるため、公共事業としては難しいとの見解を示しています。"
シンオウ地方の忘れられた神と宗教【リモポケ学会#2】,https://www.youtube.com/watch?v=pPD4ckuyh_M,"この動画では、主に神道、ポケモン、ゲームについての話題が展開されています。初めに、話者が自身の声が入っているか確認し、その後、深奥なシーンや専攻分野について触れています。また、質問の方に移る前に、自身が関係した施設について触れています。

その後、神道の存在や神道の移籍を作った人について言及し、ラーメン博士の研究データやAIの持ち方についても触れています。また、地方でタイプしているポケモンが生まれたことや、アローナ地方だけでそのデータが広まったことについても言及しています。

さらに、ゲームや市古謝の参考文献について触れ、バンバーやダイパ本編からの創造の妄想についても言及しています。また、レジェンズ本編で発表しないことについても触れています。

最後に、作成中に作業2を姉さんにご協力いただいたことに感謝の言葉を述べ、視聴者に対して感謝の言葉を述べています。また、レジェンズあるセンスや0が発表され、プレゼンの内容が大きく変わったことについても触れています。"
シンプルな対戦システムながら奥が深いGOの対戦【リモポケ学会ex】,https://www.youtube.com/watch?v=W3eo8Ae3SkA,"この動画では、主にポケモンゴーについての情報やアドバイスが提供されています。視聴者からの質問に対する回答形式で進行しており、ゲームの特定の側面についての詳細な説明が含まれています。また、ゲームのイベント情報についても触れられています。

特に、ポケモンゴーの対戦についての話題が多く、毎日ポケモンゴーの対戦を配信しているユーチューバーについても言及しています。そのユーチューバーは、さまざまなポケモンを使用しており、視聴者にとって参考になると述べています。

さらに、コミュニティイベントについても触れられています。これらのイベントは月に1回開催され、特別な技を持つポケモンが登場することで知られています。しかし、これらの特別な技はイベント期間中にしか覚えられないため、その時期にプレイすることが重要であると強調しています。

また、視聴者がゲームを始めるためのアドバイスも提供しています。具体的には、どのように始めればよいか、どのポケモンを使用すべきかなどについての指南が含まれています。"
スタートデッキ100の魅力 ~構築済みの新時代~【リモポケ学会#2】,https://www.youtube.com/watch?v=sqdhuPsQ0mM,"この動画では、ゲームのバランスとプレイの楽しさについて語られています。特に、ゲームのキャラクターやアイテムのバランス調整について、均等に調整するよりも他の要素に注力すべきだという意見が述べられています。また、ゲームバランスを考えずに楽しく遊ぶことが最も重要だという視点も示されています。

さらに、ゲーム「スタートで企画」についても触れられています。このゲームの最大の特徴は、プレイヤー自身がイレギュラーな状況を発見できることです。多くのゲームではプレイヤーが使用するキャラクターやアイテムを選ぶことができますが、「スタートで企画」ではデッキがランダムで、人気のデッキについての情報が少ないため、プレイヤーは新たな体験をすることができます。

しかし、一方で、多くの人がお勧めするキャラクターは性能が洗練されており、その使用方法についての情報が多く共有されているため、プレイヤーに高品質な体験を保証することができます。そのため、通常のゲームプレイのためには、情報が広く共有されている方が良いと考えられます。

最後に、「スタートデッキ」という概念についても触れられていますが、その詳細は動画の中で完全には語られていません。"
スバイレット増田　御意見無用【リモポケ学会#6】,https://www.youtube.com/watch?v=9GCqH2zD4gE,"この動画では、主に「益田市」や「田尻氏」についての議論が行われています。益田市について研究している理由の一つとして、益田市が伏線を張っているという点が全ての始まりになっていると述べています。また、田尻氏については、メディア出演が多く、個人的な発信もブログやSNSで多いという特徴があると指摘しています。そのため、データが多く、研究しやすいという点が挙げられています。

さらに、視聴者からの質問に対しても答えています。その中で、「増田ファクター」についての質問があり、エンディングクレジットに名前が載っているのはやはり増田ファクターが関係しているのかという質問に対しては、増田ファクターが関係している可能性があるとの見解を示しています。

また、スペインのサンドイッチの文化についても触れており、その中で増田ファクターを絞りすぎるのは研究として正しくないと述べています。さらに、「マスターファクター」がポケモンに含まれるかという質問に対しては、マツダファクターが確認された以上、これからもあるとの見解を示しています。

最後に、バレリア地方の裏モチーフが神奈川県であるという話題についても触れています。しかし、主は関東のことを詳しく知らないため、神奈川の話については詳しく語ることができないと述べています。"
ターンという概念の芽生え ～ルール追加による変遷～【リモポケ学会#3】,https://www.youtube.com/watch?v=Qo6ki8ehN2c,"この動画では、トリプルバトルという概念について深く掘り下げています。トリプルバトルは非常に大きな意味を持ち、特定の部分が存在することで、行動やターンの概念が複雑に絡み合うことがあります。これがややこしい状況を生む可能性があると説明しています。また、常識という部分についても触れており、客観的に見て当たり前と思える情報を常識と定義しています。新しい常識を作る最も単純な方法についても言及しており、それは時間をかけることであると述べています。

さらに、動画の後半部分では、細かい仕様やアーマーのような特定の要素について語っています。しかし、これらの要素が大船長に多く存在するわけではないと指摘しています。ダブルバトルやトリプルバトルは、特殊な戦術が必要になった時に初めて詳細を調べる必要があると述べています。そして、視聴者がトリプルバトルについて詳しく知りたいと思った時には、彼に声をかけて教えてもらうことを勧めています。最後に、視聴者に対してトリプルフリーで会うことを提案し、感謝の言葉を述べて動画を終えています。"
テラスタルとポケモンの脳〜医学的検査にむけての考察〜【リモポケ学会#7】,https://www.youtube.com/watch?v=7Sqdi1uVibY,"この動画では、主にポケモンについての話題が中心となっています。特に、ポケモンの脳細胞や進化についての議論が行われています。また、メガ進化についての説明も含まれています。動画の一部では、出演者が手作りのテラサル（おそらくポケモンの一種）を紹介しており、その作成過程や絵を描く様子についても触れられています。さらに、通信対戦についての話題や、勝ち負けにこだわらない自由なプレイスタイルについても言及されています。

また、視聴者からの質問に対する回答も行われており、その中でポケモンの脳についての解釈や、公式情報の必要性についての意見が述べられています。特に、脳が確実に存在するポケモンがテラストにできるという話題は、研究を革命的に進める可能性があると語られています。

動画の最後には、質疑応答の終了とともに、出演者からの感謝の言葉が述べられています。全体的に、ポケモンについての深い議論と情報共有が行われている動画と言えます。"
トランセルとモルフォンを繋ぐ痕跡は初期ドットにあった!?【リモポケ学会#4】,https://www.youtube.com/watch?v=VomXARRySeA,この動画では、特定のポケモンの開発についての噂や仮説が語られています。特に、モルフォンというポケモンが中心となっています。モルフォンがバタフリーと非常に似ているため、開発中に間違えられ、そのまま発売されたのではないかという噂が存在します。また、モルフォンの初期デザインについても触れられており、イラストよりも前に存在したドットの姿があり、その模様はアオスジアゲハという蝶に非常に似ていたと述べられています。そのため、モルフォンは元々アオスジアゲハとしてデザインされ、後にモルフォ蝶の名前をもらって実装されたのではないかという仮説が提唱されています。
トレーナーが繰り出すポケモンに込められた意図の考察【リモポケ学会#1】,https://www.youtube.com/watch?v=qwk3WHN4S6o,"この動画では、主にポケモンに関する話題が中心となっています。特に、ポケモンマスターズ（ポケマス）についての考察や、ポケモンのキャラクターとその相性についての議論が行われています。また、ポケモンのキャラクター、サザンドラのストーリーについても触れられており、その成長過程や心を開く様子についての感想が述べられています。

さらに、動画の中では、ポケモンのキャラクターが持つ特性や能力を比較し、それぞれのキャラクターがどのような役割を果たすのか、また、どのキャラクターが最も強いのかなどについての考察も行われています。また、ポケモンのキャラクターがどのように設計されているのか、その設計がどのようにキャラクターの性格や能力に影響を与えているのかについても議論されています。

さらに、動画の中では、ポケモンの都市伝説についても触れられており、それがどのように形成され、どのように伝えられているのかについての考察も行われています。また、ポケモンのトレーナーについても言及されており、その役割や特性についての考察が行われています。

また、動画の中では、視聴者に対しても考察を促すような発言がなされており、視聴者が自身の意見や考えをツイッターなどで共有することを奨励しています。最後に、新しい革新を取り入れることについての話題が提起され、それがどのように面白いかについての意見が述べられています。"
ニックネームのすゝめ【リモポケ学会#2】,https://www.youtube.com/watch?v=R5qhySnboUc,"この動画では、名前判断の結果の見方と、それをポケモンのニックネームに適用する方法について説明しています。名前判断の結果の見方には、天格（家柄）、人格（性格）、外殻（周囲の環境）、総格（総合的な運勢）などがあります。これらの要素を理解し、それぞれのポケモンのニックネームに適用することで、ポケモンの特性や環境をより深く理解することができます。

また、動画では主人公の女性がうまく通じる名前をつける例として、「龍平」、「龍騎」、「龍騎地リューター」などの名前を提案しています。しかし、「龍平」は外殻（環境）は良いですが、人格（性格）と近く（人当たりの良さ）に問題があると指摘しています。

さらに、動画の後半部分では、質疑応答の時間が終わりに近づいていることを伝え、視聴者に対して、それぞれのニックネームのメソッドをうまく活用して、これからポケモンたちにニックネームを付けて可愛がっていくように呼びかけています。そして、質問がまだある場合は、運動グルさんのツイッターで聞くことを提案しています。最後に5分の休憩を取ることを告知し、視聴者に感謝の言葉を述べて動画を終えています。"
バタフリーとモルフォンは入れ替わったのか？【リモポケ学会#4】,https://www.youtube.com/watch?v=3VCHzUti5sw,"この動画では、主に自身の経験や意見について語っています。彼は何かを書いたり、リハーサルを行ったりすることについて話し、自分が苦手ではないが、他の人が苦手だと感じるかもしれないという意見を述べています。また、自分が飛んでしまう可能性や操作ミスについても触れています。彼は視覚的な問題についても言及し、画面を見ることが難しい人に対しては、画面を見ないようにするか、他の方法を考えることを提案しています。

彼はまた、自分の作品がリアルな写真のように見えないことについても触れており、リアルな写真を見たい人には、写真を調べるか、インターネットで検索することを提案しています。彼は自分の提供する情報が必ずしも100%信頼できるものではないとも述べており、視聴者に対しては、自分が信じるかどうかを自分で判断するように勧めています。

彼は自己紹介も行い、初めて遊んだゲームがポケモン緑であること、各世代のゲームを遊んできたこと、そしてポケモンが好きであることを明かしています。しかし、彼は全てのポケモン関連のメディアを見ているわけではないとも述べています。

さらに、彼はポケモンの特定のキャラクター、モルフォンについても触れています。彼はモルフォンが特定のバージョンのゲームには存在しないと述べており、その特徴やデザインについても詳しく説明しています。"
パラドックスポケモンの正体に迫る！【リモポケ学会#6】,https://www.youtube.com/watch?v=PHFoZxek62U,"この動画では、まず、人間が環境に適応するための外部ツールや防護服の使用、体の一部を機械化するサイボーグ化、ポケモンの高い適応力と人間のそれとの比較、そして人間が存在しない可能性について議論しています。その後、時間の制約から質問の受け付けを終了し、次のプレゼンテーションの予告を行います。次のプレゼンテーションでは、ポケモンと人間の共存、ポケモンが人間に何をもたらすのか、人間が現代でポケモンを再現できるかなどについて探求する予定です。

続いて、長屋峠さんによるプレゼンテーションが始まります。彼は自己紹介を行い、自身の活動や好きなポケモンについて語ります。彼のプレゼンテーションは、ポケモンハートゴールド、ソウルシルバー、ウルトラサン、ウルトラムーン、スカーレットバイオレットの重大なネタバレを含むため、まだこれらのゲームをクリアしていない視聴者には注意を促します。彼の考察は個人的な解釈に基づいており、ゲームフリークやポケモン株式会社の意図とは異なる可能性があると述べます。その後、パラドックスポケモンの謎を解き明かすというテーマでプレゼンテーションを進めます。"
フランス語ポケモン名にみるポケモンの翻訳ー「世界共通名称」へのこだわりと固有の名前ー【リモポケ学会#7】,https://www.youtube.com/watch?v=CRLaEQ5wzAA,"この動画では、主に言語と名前の問題について議論が行われています。特に、フランス語に関する話題や、名前の順番を変えることについての議論があります。また、時間と空間をねじ曲げるという概念についても触れられています。

さらに、共通名詞のメリットとデメリットについても話されています。共通名詞を設定することが読みにくいというデメリットがある一方で、それが世界共通であるというメリットが大きいという意見が出されています。また、商標の問題や名前の管理についても触れられています。

その後、パラサイトが大体の言語を通じるという話題や、ポケモンの面白さについても言及されています。最後に、ポケモン世界の衣類についての話題が出され、人間と非人間の結婚にまつわる話や、鶴の恩返しや美女と野獣、ヘラクレスの伝説などの話が引き合いに出されています。最後に、次回のプレゼントについて触れられ、開始時間が16時10分であることが告げられています。"
ポケカを読む【リモポケ学会#3】,https://www.youtube.com/watch?v=rNT-BnXYqlI,"この動画では、特定のキャラクターの部分を完璧に再現する話題について議論しています。特に、キャラクターの白馬とレックスについて、その特性を売り出したいという意見が出されています。しかし、それがキャラクターの強さに直接影響を与えるわけではないという見解も示されています。また、キャラクター性を表現したいという要求と、強くしなければならないという要求の間でバランスを取ることの重要性についても触れられています。

さらに、質問や意見の時間も設けられており、視聴者からのフィードバックを求めています。しかし、時間の都合上、全ての質問に答えることはできないと述べています。

最後に、アイアンという技についての話題が出てきます。これは山火事を切るという特性があり、視聴者が覚えている技の一つであると述べています。また、アイアンの機能やその他の要素についても触れられています。"
ポケモンWordle考察【リモポケ学会#5】,https://www.youtube.com/watch?v=aBC9v73ntLk,"この動画では、特定のパターンや規則について話し合っています。特に、ウーラオスやルージュなどの特定のパターンが確定するという話題が出てきました。また、モンジャラやパルスワンなどの確定パターンについても触れられています。視聴者からの質問に対しても時間を割いて答えており、特にパルスワンに乗っていることについて驚いていました。また、ボスゴドラについても話題に上がり、黄色が2つ確定するという点について言及しています。

さらに、視聴者からの質問に対して、ポケモンに関する質問や5文字以外の全ポケモン対応ワードについてのルールなどについても答えています。また、スプレッドシートや計算についても触れており、それらを使って研究を行っていることを示しています。また、ジーランスの頭とお尻が黄色になった場合にレディスプレが確定できるという話題も出てきました。

この他にも、視聴者からの質問に対して、自分がどのように覚えているか、または覚え方についても答えています。特に、確定パターンについては、黄色が2つしかないとかだと覚えないと難しいと述べています。しかし、緑があるものについては覚えなくてもなんとかなるとも述べています。"
ポケモンアーケードの歴史と魅力【リモポケ学会#mini2】,https://www.youtube.com/watch?v=9yFYGibxO7w,"この動画では、まず、子供たちの盛り上がりについて話しています。特に、コロコロ魂フェスティバルや東京おもちゃショーなどのイベントでの子供たちの反応と興奮について触れています。その後、自分自身がこれらのイベントでヒートアップしてしまう感じについて述べています。

その後、時間について話し始め、画面に表示されている時間が間違っていることを指摘します。そして、質疑応答の時間に移ることを告げ、進行を続けます。その後、とろさんに感謝の言葉を述べ、最後のプレゼンテーションが始まることを告げます。

最後のプレゼンテーションはこよみさんによるもので、超人と携帯銃をつなぐものについて話します。その後、視聴者にコメントを読むよう求め、疑問をより楽しむ方法について触れます。最後に、次の91系が10分後に始まることを告げ、約26-27分後に終了することを伝えます。"
ポケモンカードコインの話―裏面の変遷と謎―【リモポケ学会#1】,https://www.youtube.com/watch?v=2-Bzx4zo2V8,"この動画では、特定の商品の中に何が含まれていたかを確認するためのフ加工について語られています。具体的には、bwの初めてセットデラックスに含まれていたコインについて詳しく説明しています。このコインは、bwの初めてセットとbwの初めてセットデラックスピカチュウバージョンにも含まれています。しかし、オークションの写真だけでは、コインの特性を理解するのは難しいと述べています。そのため、彼は自分で商品を落札し、それぞれを詳しく見ていくという方法を取っていました。

また、彼は独自の調査リストを作成していたことも明らかにしています。このリスト作成には約3年から4年かかったと述べています。情報が少ないため、自分で調査を進めるしかないという状況が、実は楽しいと感じていたようです。

さらに、彼は集めたコインを使って展示を行っていることも話しています。特に、東京のプレイバックという場所で240種類のコインを展示していると述べています。ただし、このスペースは会員制なので、誰でも訪れることはできないかもしれません。"
ポケモンからトレーナーを読む～美しすぎるオクタンの後継者【リモポケ学会#4】,https://www.youtube.com/watch?v=iY35KneYBGc,"この動画では、主にポケモンについての議論が行われています。特に、メガシンカポケモンの弱さについての考察がなされ、その弱さがマイナスの負の面から来ている可能性が示唆されています。また、ポケモンからトレーダーを読むというテーマについても触れられており、特定のポケモンが取り上げられなかった理由についての質問に対しては、時間の制約があったためと回答しています。

さらに、ポケモンのキャラクター、特にグリーンについての議論も行われています。グリーンが成長したこと、そしてその成長がゲーム内のストーリーにどのように影響を与えているかについての考察がなされています。また、グリーンが全く違うライバルになったことについても触れられており、これが新たな展開を生む可能性についても言及されています。

また、動画の中では音楽についても言及されています。特に、ある曲が非常に好きで、その曲が自身のランキングで1位に入るほどであると述べています。また、その曲がどのように売れているかについても触れられています。

全体として、この動画はポケモンについての深い議論と、音楽に対する個人的な感想を含んでいます。"
ポケモンが大好きなあなたにススメたいポケモンユナイト観戦の楽しみ方【リモポケ学会ex】,https://www.youtube.com/watch?v=5jxmGGACoyQ,"この動画では、特定のゲームについての詳細な解説が行われています。ゲーム内の特定のモーションやエフェクトについて語られており、それらがゲームプレイにどのように影響を与えるかについて詳しく説明されています。また、特定のゲームの戦略や動きについても深く掘り下げられています。これらの動きや戦略は、同じチームのメンバーが何度も繰り返しプレイすることで生まれるもので、これまでの大会でも効果を発揮してきたと述べられています。

さらに、視聴者がゲーム内で見ることができる特定の要素についても触れられています。これらの要素は、ゲームの視覚的な魅力を高め、バトルに彩りを与えると語られています。また、特定のゲームの特有の動きや戦略についても詳しく説明されており、これらがどのようにゲームプレイに影響を与えるかについても触れられています。

最後に、日本代表が勝つ可能性についての質問に対して、肯定的な見解が示されています。この部分では、海外の競争についても言及されており、その中で日本代表がどのようにパフォーマンスを発揮するかについての期待が述べられています。"
ポケモンクイズは作りにくい！～エンターテインメントと演出における苦悩～【リモポケ学会#7】,https://www.youtube.com/watch?v=yNYfMPFnYWQ,"この動画では、クイズの問題作成について語られています。特に、問題の読み上げ時間と無音時間のバランス、問題文の長さ、そしてそれがエンターテインメント性にどのように影響するかについて詳しく説明されています。問題の読み上げ時間は通常3秒、無音時間は2秒と設定されていますが、問題文と実際の問題が異なる場合や、特定の情報（例えば、ポケモンのバージョン名）を含める必要がある場合、読み上げ時間が若干長くなることもあります。

また、最終問題では、文末が砕けた表現になることもあり、この場合、文節の順序を入れ替えつつ、「どこだっけ」といった表現を最後に付け加えることもあります。しかし、これらの要素を全て考慮すると、問題の読み上げ時間が3秒では不十分になることがあります。そのため、問題の読み上げ時間を変更する必要が出てきます。例えば、タイトルの読み上げに3秒かかる場合、全体の時間を5秒から8秒に変更することで対応します。

特にポケモンクイズのように、問題文が長くなりがちなクイズでは、問題文をできるだけ短くする必要があります。しかし、それは問題文と映像のバランスを調整することを難しくし、作成者に大きな負担を与えます。そのため、問題作成は非常に難しく、大変な作業であると述べられています。"
ポケモンで学ぶ 味覚と嗜好の科学【リモポケ学会#7】,https://www.youtube.com/watch?v=NNXndYF-4lM,"この動画は、プレゼンテーション形式で進行しています。最初の部分では、参考資料や引用した論文、画像の出典について触れ、発表を終えてから視聴者に感謝の言葉を述べています。その後、YouTubeのコメント欄やTwitterのハッシュタグを通じて質疑応答の時間に移ります。

発表者は、味覚についての研究を行ったことを述べ、特に旨味と甘味についての考察を共有しています。また、発表者は自身が学部4年から大学院の間に多細胞生物の話をあまりやってこなかったため、味覚についての詳細な質問には完全に答えられないかもしれないと述べています。

その後、視聴者からの質問に答える時間が設けられ、視聴者からの質問に対する回答が行われます。質疑応答の時間が終了した後、発表者は再度視聴者に感謝の言葉を述べます。

次に、カルフルさんによるフランス語ポケモン名に見るポケモンの翻訳世界共通名称へのこだわりと固有の名前についてのプレゼンテーションが予告されます。この部分では、ポケモンの外国名が世界共通名称と固有の翻訳名を共有していること、そしてその方針が1999年に発売されたフランス語版赤緑の翻訳担当者によって決定されたことが紹介されています。また、フランス語版ポケモン名の魅力や外国語でプレイすることの面白さについても話す予定であることが述べられています。"
ポケモンとグローバリズム【リモポケ学会#4】,https://www.youtube.com/watch?v=t1i6Tjy4A68,"この動画では、信仰、歴史、デザイン、ゲーム開発などについての議論が行われています。まず、歴史的な視点から信仰について語り、その信仰が現在も広まっていることを認識しています。また、自分自身の感情や考え方、特に老婆心についても触れています。

デザインの面では、紙の質感やデザインの開発負担について語り、これらの要素が難しさを伴うことを認識しています。特定の髪型を作るためには意図的に準備しなければならないとも述べています。

ゲームについては、ニンテンドとゲームフリークについて言及し、これらのゲーム開発会社がどのような質感を作り出すかについて考えています。自分が特定の要素に対して意識的に考えていなかったとも認めています。

さらに、人工の歯台を選べるようになったことや、容量が増えたことについて触れ、世界には様々な肌の人や髪質の人がいるという事実について言及しています。それらの人々が自己投影できるようなキャラクターを作ることの重要性について語っています。

ゲームの世界展開についての議論も行われており、ゲームが異なる文化や宗教的表現をどのように扱うべきか、そしてそれがどのようにゲームの内容やキャラクター作りに影響を与えるかについて考察しています。また、ゲームが差別的表現やステレオタイプを避けるための措置を取るべきであるという意見も述べられています。

日本で生まれ育った人が問題ないと思う表現が、国外ではタブーとされることがあるという事実についても触れられています。このような文化的な違いを理解することは、ゲームの背景やキャラクターを深く理解するために重要であると述べられています。

具体的にポケモンというゲームについても議論が適用されています。ポケモンが現実世界と仮想世界の両方を豊かにする存在であり、そのグローバルビジョンを通じて世界をつなぐ可能性があると述べられています。

最後に、ポケモンゴーをプレイしている視聴者に対して、安全に注意してプレイするように呼びかけています。"
ポケモンのキャラクターデザインにおける色彩の変化について【リモポケ学会#6】,https://www.youtube.com/watch?v=cQv8KSR50_c,"この動画では、色彩についての議論と、二枚貝ポケモンについてのプレゼンテーションが行われています。最初の部分では、色の使い方や色の変更についての話題が取り上げられています。HSVやRGBなどの色空間についての詳細な説明があり、質問と回答のセッションも行われています。特に、単色だけでなく、トーンや配色、複数色の組み合わせについての考察が試みられたかどうかについての質問がありました。この部分では、複数色の組み合わせを前提とした研究の難しさについても触れられています。

次に、江戸でさんと二枚貝ホタテさんによる二枚貝ポケモンについてのプレゼンテーションが紹介されています。二人は生物好きで、二枚貝ポケモンについて語り尽くすという内容の共同発表を行います。特に、マニアックな生物とシェルターの比較について触れると述べています。また、二枚貝ホタテさんは、ポケモンと生物の比較が大好きで、共同発表でポケモンの正体に迫ると述べています。彼らは、ポケモンと生物を比較することで、ポケモンについても生物についても詳しくなれると主張しています。"
ポケモンのたかさについて【リモポケ学会#1】,https://www.youtube.com/watch?v=tqo3NVpZaCo,この動画では、ポケモンのサイズについて詳しく語られています。特に、ポケモンの進化や形態変化によるサイズの変化について深く掘り下げています。また、ミュウツーのサイズについても触れられており、映画「名探偵ピカチュウ」でのミュウツーのサイズが大きめに描かれていることについて言及しています。さらに、ポケモンのサイズを決定する基準や、それを調整する過程についても語られています。この過程では、ゲームや書籍、海外のポケモンサイズチャートなどを参考にしています。また、ポケモンの高さを比較する部分もあり、それがプレイヤーにとって新たな発見をもたらすことが強調されています。最後に、ポケモンが特定の形態に変化するとき、その足を収納する様子についても触れられています。
ポケモンの失われた形態  メガヤンマはパラドックスポケモンであるか 【リモポケ学会#6】,https://www.youtube.com/watch?v=sOJOeMu81ro,"この動画では、古代と現代のポケモン、特にリザードンについての考察が行われています。古代パラドックスと現代のパラドックス、特にメガ進化についての議論があり、それらがどのように再現できるかについての提案がなされています。また、パラドックスリザードンが存在する場合、それはメガリザードンXに似ている可能性があると述べられています。

さらに、発表者は自身の研究結果を共有し、その研究を支えてくれた多くの人々に感謝の意を表しています。その後、ポケモンと人間の関係性についての議論があり、これが今後どのように変化するかについての興味深い視点が提供されています。

質問応答セッションでは、メガリザードンXに似た古代リザードに名前をつける提案や、古代トランクスを持つポケモンの中でドンファンが原子の力を覚えられるが、それでも偉大な牙には進化しない理由についての考察が行われています。発表者は、進化に必要な刺激が原子の力以外に存在する可能性や、特定の環境が必要である可能性を提案しています。"
ポケモンの進化に伴う文字数変化について【リモポケ学会#6】,https://www.youtube.com/watch?v=_tVpz0JNCFM,"この動画では、ポケモンの名前とそのデザインについて深く掘り下げています。特に、虫ポケモンの成長が早く、育てやすいことで知られていること、そしてその成長過程がポケモンの名前やデザインにどのように反映されているかについて語られています。また、ポケモンの名前がその見た目や音の響き、そしてモチーフと複雑に関連していることも指摘されています。特に、ポケモンが進化するとその名前の文字数や濁点が増える傾向があり、最終進化形態の名前は平均的に文字数が多いことが示されています。

さらに、ポケモンが進化した際に名前に共通の文字列があると、その見た目はモチーフの面影にも反映される傾向があると述べられています。これらの観察から、ポケモンの名前がそのデザインの一部であり、我々がポケモンの成長を言葉でも感じられるという結論に至ります。

また、動画の中では2022年11月に発売された「ポケモンズバイレット」についても触れられています。発売前からPVにアルバマー序曲が使われ、謎の乗り物が登場するなど、マツダファクターが確認されていたとのことです。

このプレゼンテーションの終わりには、参考文献や参考にしたサイトのリストがあり、資料を提供してくれた人々に感謝の意を表しています。"
ポケモンの人物名モチーフにおける植物とその世代別傾向【リモポケ学会#1】,https://www.youtube.com/watch?v=KLrNwHXsn3Y,"この動画では、昆虫が黄色い植物をよく見るという話題から始まり、その後、ポケモンのプレゼンテーションについて話が進みます。プレゼンテーションでは、知識を増やすツールとしての役割が強調され、植物の葉の話題にも触れられています。また、仮想技術についても言及されています。

その後、視聴者に対してコメントを求める場面があり、その後、何かを見ていくという話題に移ります。この部分では、第4世代の話題や、特定の場所についての言及があります。また、ポケモンの名前についての話題もあり、特に名前の統一性や関連性についての考察がなされています。最後に、色や模様が名前によく使われているという話題が出てきます。"
ポケモンの微細構造について考える ～構造色から透明マントまで～【リモポケ学会#5】,https://www.youtube.com/watch?v=3CXxsk1XfKI,"この動画では、生物が光を吸収しやすい色や、赤や緑色を跳ね返しやすい構造について話しています。生物はその色や構造によって様々な特性を持つと説明しています。また、生物が光を自由に操作できる描写についても触れており、特にポケモンの技などにそのような要素が見られると述べています。

さらに、動物の組織の屈折率を限りなくゼロにすることで透明化する技術についても言及しています。この技術は実際に存在し、その中には特定の構造を作り込むことで光から見ると透明に見えるような表現が可能になると説明しています。しかし、人間が見る光の範囲でそれを実現することは現実ではまだ難しいとも述べています。

また、ステルス技術についても触れており、戦闘機のステルス技術がモチーフになっている可能性があると指摘しています。そして、映画のラティアスについても言及し、その映画のイメージに基づいて考察を行っています。"
ポケモンの名言を深掘り！【リモポケ学会#3】,https://www.youtube.com/watch?v=0xae45K5E-I,"この動画では、使い友の会さんのわざリストやからぴ本の設定を読み解く方法について話しています。また、赤緑の頃のトレーダーの技構成についても触れており、それが現在とは異なる縛りやルールがあるため、それをどの程度考慮に入れるかが難しいと述べています。さらに、視聴者からのコメントや解釈についても言及しており、それぞれの解釈が生まれる幅について考察しています。

その後、プレゼンの内容についても触れており、名言やスピーチについての質問に答えています。特に、お気に入りの名言や取り上げたかった名言についての質問に対して、ポケットモンスター3分の湯寒い外の台詞や主人公とリーリーエーカーの台詞を挙げています。

また、遊びうわc譲れないつまらない部分や地図の読み取り方などについても考えていることを述べています。自身がまだ未熟者であると認めつつ、これらの問題について議論することの重要性を強調しています。"
ポケモンを実験体としたAIによる研究【リモポケ学会#1】,https://www.youtube.com/watch?v=bIW4tZpKmX8,"この動画では、AIやデータ分析に関する議論が行われています。特に、AIが特定の人物を自動で検出する能力についての質問があり、その回答として、適切なデータがあれば可能であると述べられています。また、完全に顔を隠していても、歩行の動きだけで人物を識別することが可能であるという話題も出ています。

さらに、増田さんの画像を用いて、AIがどのように動作するかについての議論も行われています。例えば、増田さんの画像を読み込むセルファや、増田ガード製ポットの作成についての話題が出ています。また、画像改変についても触れられています。

その後、AIがポケモンの生成や検出にどのように役立つかについての議論が行われています。自分でポケモンを作成し、それをAIに学習させることで、新たなポケモンを生成することが可能であると述べられています。また、オリジナルのポケモンを作成し、それを自動検出する企業に役立てることを目指しているとの発言もあります。

以上のような議論が行われた後、感謝の言葉と共に動画は終了しています。"
ポケモン世界の異類婚姻譚【リモポケ学会#7】,https://www.youtube.com/watch?v=pXwd04Mrvzs,"この動画では、主に恋愛や結婚、人間とポケモンの関係性についての議論が行われています。最初の部分では、結婚が所詮契約であるという視点から、経営関係がなくても恋愛関係や愛情関係を結べるという信念が述べられています。また、質疑応答の部分が終了し、プレゼンターシーミュラーさんへの感謝の言葉が述べられています。その後、第7回妹ポケモン学会の全てのプレゼンが終了し、エンディングに移行する旨が伝えられています。

次の部分では、人間とポケモンの違いについての議論が行われていますが、結論は出ていません。また、ポケモンに対する恋愛感情についても触れられており、ポケモンマスターでの出来事やバレンタインデーのイベントなどが引き合いに出されています。しかし、これについても明確な結論は出ていません。さらに、日本とアメリカのケモナー（動物キャラクターに対する愛好）に対する感じ方の違いについても触れられています。最後に、人間と動物、そしてポケモンとの関係性についての考察がなされています。"
ポケモン世界大会の魅力【リモポケ学会ex】,https://www.youtube.com/watch?v=tVhqzvP07Ro,"この動画では、過去のWCS（World Championship Series）などで活躍した珍しいポケモンの例を紹介しています。具体的には、2014年の世界チャンピオン、瀬純選手が使用したパチと、2018年と2019年の日本チャンピオン、木村選手が使用したニドクインや鳥とどを取り上げています。また、会場の様子も紹介しており、その広さや演出、デザインが非常に高品質で、訪れた瞬間から興奮が止まらないと述べています。

さらに、このイベントは国際交流の場でもあり、世界中から参加者が集まるため、日本にいるだけでは出会うことのない海外の強者たちと直接交流できるというのがWCSの大きな魅力の一つです。

最後に、美容3が盛んな海外で特に人気のあるポケモン、グラードン雑誌 an の並びと、その6匹の並びが考案者の名前を取って2勝利やさと呼ばれていること、そしてそれが人気の構築の一つであることを紹介しています。"
ポケモン前史 ポケモンはいかにして生まれたのか【リモポケ学会#5】,https://www.youtube.com/watch?v=OjRmUMF4-h8,"この動画では、主に特定の話題についてのディスカッションが行われています。初めに、キノコさんが世代時代についてプレゼントを提供し、その後の専門的な活動についても触れることを望んでいると述べています。また、シェラシさんの青い色についても触れたいとの意向を示しています。

次に、ボックスに全てを入れることについての話題が出てきます。これは石原さんが行ったことで、金銀の時代の容量に関する話です。しかし、話者は自分がうろ覚えであることを認め、石原さんと岩田さんのどちらが関与していたかを確認します。

その後、話者はプレゼンテーションについてコメントし、ミッドとの共通点やノスタルジーという言葉が動画に適していると述べています。また、ポケモンの愛着についての話や、プレゼンテーションがうまくまとまったと感じたことについても触れています。

最後に、話者は明日もプレゼンテーションがあることを伝え、視聴者に感謝の意を表しています。そして、この動画が3日間の一部であることを明らかにし、エンディングに移る前に再度視聴者に感謝の意を示しています。"
ポケモン対戦アクションの最高峰 WCSポッ拳部門で熱くなろう！【リモポケ学会ex】,https://www.youtube.com/watch?v=cHph0KuSL74,"この動画では、主にゲームについての質疑応答が行われています。視聴者からの質問やコメントに対して答える形式で進行しており、YouTubeのコメント欄やTwitterを通じて質問を受け付けています。また、ゲーム画面のスクリーンショットを見ながら、その見栄えや面白さについて話しています。特に、ゲームの技やデータについて深く議論しており、その発想についても言及しています。

さらに、個人的なエピソードや笑い話も交えながら、視聴者とのコミュニケーションを図っています。また、小規模の業者についての情報を求めるなど、視聴者からの情報提供も歓迎しています。

動画の後半では、自身が参加しているゲームの大会について話しています。特に、関東トーナメントというコミュニティイベントについて詳しく説明し、その開催日程や内容について触れています。また、この大会に興味を持った視聴者に対して、参加を呼びかけています。

最後に、視聴者への感謝の言葉を述べ、動画を締めくくっています。"
ポケモン対戦動画を機械学習で解析する【リモポケ学会#mini2】,https://www.youtube.com/watch?v=RPjcT_GfoZs,"この動画では、ポケモンの対戦データを分析するためのシステムについて説明しています。詳細確認ボタンを押すと、自分の対戦のタイムスタンプから動画が始まる画面が表示されます。また、6対6や3対3だけでなく、それぞれのターンで何が起きたかもメッセージウィンドウを読み取って表示します。ただし、精度はまだ完全ではないと述べています。

対戦データを登録する際には、YouTubeの動画のIDを特定のフォームに入力し、フォーマットをチェックしてからプロセスビデオボタンを押してスタートします。このプロセスは非常に簡単で、主にYouTubeの動画のIDを入力し、ボタンを押すだけで行えます。

また、まだ集めきれていないポケモンの画像があるため、それらをモデルに教えるためにラベリングする機能も用意しています。データの登録が失敗した場合は、ラベルを付けて再度試行します。

技術スタックについては、機械学習エンジニアでありながら、フロントエンドなども一応できると述べています。画面は全て自分で作成し、NEXT JSを使用しています。

さらに、自分のポケモンの対戦上達のためにデータを集めて立ち向かうことを決めたと述べています。対戦を記録して振り返るためには動画を撮る必要があり、そのためにキャプチャーボードを購入し、YouTubeに動画をアップロードしています。

しかし、負けた試合の動画はあまり見たくないという問題があり、そのために動画を見ながらメモを取るよりも、効率よく自動的に振り返る方法を探しています。"
ポケモン物理数学 〜ポケモンが世界に及ぼす異常性〜【リモポケ学会#3】,https://www.youtube.com/watch?v=H_o7u1t9Hzg,"この動画では、プレゼンテーションの中で質問が流れてきており、その質問に答える形で進行しています。まず、視聴者からの質問に対して、プログラミング言語のパイソを用いてシミュレーションや計算を行っていることを説明しています。その後、特定の数学的な問題について議論し、それが自分が求めたものではなく、論文から得た情報であることを明らかにしています。

次に、会場の温度が20度に設定されていること、そして境界条件という概念について説明しています。境界条件とは、問題の端で何が起こるかを設定するもので、この場合、端の値を固定することをディリクレ境界条件と呼んでいます。

その後、数式の厳密解が存在することを説明し、フーリエ級数展開という手法を用いてその解を表現することができることを示しています。しかし、その解を求めるのは困難なため、別のアプローチとしてシミュレーションを行うことを提案しています。

シミュレーションの結果を視覚的に示すために、動画を用いて説明しています。その動画は後でTwitterに投稿すると述べています。シミュレーションの結果はカラーマップと呼ばれるもので表示され、色の濃淡で温度を表現しています。また、時間差分という概念についても触れていますが、これはシミュレーションの1ステップの長さを表しています。"
ポケモン物理数学〜Ⅰ 風といっしょに Ⅱ 強肉弱食こそ理〜【リモポケ学会#7】,https://www.youtube.com/watch?v=xuLByIymaXo,"この動画では、主に二つのトピックについて話されています。最初の部分では、物理モデルについての質問に対して答えています。特に、ワタッコのポップの空気抵抗についての質問に対して、その形状や質感を考慮すると物理モデルが複雑になり計算が難しくなるため、今回は無視すると述べています。また、ポケモンの歌の歌詞について、物理的な観点から考えると面白いと思う部分があると話しています。具体的には、ポケモンのハラハラリレーという歌について、その歌詞が現実にどのような影響を及ぼすかを検証したいと考えていると述べています。

次に、ポケモンクイズの作成についての話が出てきます。楽しいポケモンクイズを作ることは一見簡単に見えますが、実際には難しいと述べています。特に、ポケモンに特化したクイズを作る際には、普通のクイズとは異なる困難さがあると指摘しています。また、演出を追求する裏方の苦労や緻密な構築の重要性についても触れています。最後に、次回の放送を楽しみにしてほしいと呼びかけています。"
ポケモン物理数学〜Ⅰ.お金の使い方　Ⅱ.ポケカ必勝法〜【リモポケ学会#5】,https://www.youtube.com/watch?v=l-hp3eDogXI,"この動画では、まず、幻チームが見える確率と、野生のポケモンからすべての能力値が最高と表示される確率について説明しています。その後、コイントスの物理現象について語り、物理的に予測する方法を提案します。そのために、剛体の回転運動を考慮した式を立てることを提案し、その方法について詳しく説明します。

次に、人間が何も食べなくても生きていけるという仮定のもと、購入の最適化について説明します。それぞれのアイテムに勝ちポイントを付与し、間接的に利益の最大化問題に帰着させる方法を提案します。価値ポイントが同じものに差をつける必要があると説明し、そのために性能を参考に1未満の数値を加算する方法を提案します。

その後、停止期間という概念を導入し、目的関数と制約条件について説明します。目的関数は利益を最大化するもので、制約条件は消費金額が所持金を超えないようにするものと、購入数が自然数であることです。最後に、アイテム名、価格、勝ちポイントのリストを紹介し、これらの情報を用いて計算を行うことを提案します。"
ポケモン物理数学〜宇宙とは何処か？サーナイト・ウルトラワープライド仮説の提唱〜【リモポケ学会#6】,https://www.youtube.com/watch?v=tdwz7AoXaFg,"この動画では、まず、視聴者が誰を想像したかについて話し、その後、芸術や増田など、さまざまな可能性について触れています。その後、10分間の休憩を告げ、視聴者に感謝の言葉を述べています。

次に、非常に大きな数、10の1万乗個について話し、その中に炎を吐く生命体や雷を放つ生命体が存在する可能性について語ります。そして、そのような生命体がポケモンと名付けられている宇宙が存在するかもしれないと述べ、その宇宙の性質は我々の宇宙と何も変わらないかもしれないと指摘します。アルセウスが1000本の腕で宇宙を作ったとされていますが、それはこの大きな数の中の一つだけかもしれないと述べ、その宇宙にはポケモンが実在していてもおかしくないと指摘します。

さらに、ゲームフリークがその宇宙からウルトラワープライドで我々の宇宙にやってきてポケモンというコンテンツを提供しているのかもしれないと述べます。そして、その宇宙が一体どこにあるのかについて問いかけ、これはあくまで仮説であり、信じるか信じないかは視聴者次第であると述べます。その後、発表を終了し、視聴者に感謝の言葉を述べます。

最後に、視聴者に対して質疑応答の時間に移ることを告げ、YouTubeのコメント欄やTwitterで質問を受け付けていることを伝えます。"
ポケモン物理数学～アイアンとクイタランの捕食・被食関係～【リモポケ学会#2】,https://www.youtube.com/watch?v=mxfyjH3oWSA,"この動画では、プレゼンターが2次元プロットについて説明しています。彼はプロットが始まり、最初は広がっていくことを指摘します。その後、プロットが特定のパターンを形成し、一定の動きを続けることを示しています。彼はこれを「リミットサイクル」と呼び、物理の世界での用語であることを説明します。しかし、彼はこの用語自体が重要ではないとも述べています。

次に、プレゼンターは自己紹介を行い、彼がブラッキーという名前で知られていること、物理シミュレーションを専門としていることを明らかにします。彼はまた、背景に表示されている特定の画像について触れ、それが彼の研究の一部であることを示唆します。

さらに、彼は自身の趣味について話し、特にゲームが好きであることを共有します。彼は小学2年生の頃からゲームをプレイしており、特にポケモンのリメイク版であるハートゴールドとソウルシルバーを約3000時間プレイしたと述べています。最近では、ソードとシールドのRTAに興味を持っているとも述べています。"
ポニータ石井から見るポケモンカードプロモーション近代史【リモポケ学会#5】,https://www.youtube.com/watch?v=-eXsZ24oTTI,"この動画では、ポケモンカード（ポケカ）に関する様々なイベントや商品の告知、初心者向けの動画、アンケートなどが取り上げられています。また、ポケカのプロモーションについても触れられており、ただ変な動画を出しているわけではないと reassurance が与えられています。

さらに、個人的な推奨点として、ネタ動画以外にも特有の要素が挙げられています。それは、ポニータ石の特有の気の抜けた声、突然の語彙のバグ、適当なタイミングで挟まれる絶妙なゲーム、独特なセンスなどです。また、画像に映し出された感じや元々の店舗のような感じも特徴的で、これらの要素は視聴者にクセになると述べられています。

ポニータIC初心者が一部のネタ動画だけが面白いと思っている方もいると指摘されていますが、むしろ通常回を見るほどポニータ石の変な味がしみてくると説明されています。そのため、興味を持った視聴者に対しては通常回も見てみることを推奨しています。

また、紹介された独特の地域性は5年後にも引き継がれている魅力であり、初期のポニータ石の魅力とも言えると述べられています。

最後に、チャンネルの動画を100回ごとにまとめたグラフが紹介されています。これは、演者がポニータCのみの会を第1000回まで集計したもので、ポニータイCファンが運営しているポニータイ氏伊吹さんの情報を元に作成されています。"
マスダアワードを振り返る【リモポケ学会#5】,https://www.youtube.com/watch?v=0a1dDsPtidA,"この動画では、主に写真撮影やゲームについての話題が中心となっています。初めに、一般的なファンとしての行動規範や、ゲームの略称についての議論が行われています。特に、""サンムーン""や""ピカチュウでレッツゴーイーブイレッツゴーピカチュウ""などのゲーム名の略称についての意見交換が見られます。

その後、写真撮影についての話題に移ります。特に、大森ディレクターが撮影した写真についての評価や解説が行われています。彼の写真は光の取り入れ方やカメラの構図が上手で、多くの人気があると述べられています。具体的な写真としては、ドイツで撮影された逆光の写真やスペインで撮影されたシルエットの写真などが紹介されています。

また、ポケモンインターナショナルのイベントで撮影された写真や、2014年のアルパカマスターの写真なども紹介されています。これらの写真はユーモラスでシュールな要素を含んでおり、視聴者に楽しませています。

最後に、WCSワシントンで行われた大会で撮影された月の石松の写真について触れられています。この写真は大人気で、多くの人々に知られていると述べられています。

全体として、この動画はゲームの話題と写真撮影の話題を融合させた内容となっており、視聴者に多角的な楽しみを提供しています。"
むしタイプの特異性【リモポケ学会#5】,https://www.youtube.com/watch?v=QiljgtSgfiA,"この動画では、特定のトピックについてのプレゼンテーションが行われています。最初の部分では、10年間守られてきた考え方が進化し、変化することについて話しています。また、特定のキャラクター、キリンリキがパルデアの姿に変化することについても触れています。さらに、虫タイプの特異性についても言及しており、それが面白さをもたらす一方で、制約も生じると述べています。

プレゼンテーションの後半部分では、視聴者からの質問に答えています。視聴者からの一つの質問は、フジツボが虫タイプである理由についてで、プレゼンターはフジツボが水辺に住んでいることから、虫タイプよりも水タイプの可能性があると説明しています。

その後、次のプレゼンテーションの予告があり、それは「規制強制パラス族とキノコ」についてのもので、パラスパラセクトがキノコに寄生されたポケモンであること、そしてキノコに寄生されていないパラスが確認されていないことから、虫にも規制されるメリットがあるのではないかという仮説を紹介すると述べています。

最後に、10分間の休憩が入ることが告げられ、視聴者に感謝の言葉が述べられています。"
リージョンフォームを生物マニアが曲解してみる&amp;リージョンフォームを実在生物で探してみよう【リモポケ学会#2】,https://www.youtube.com/watch?v=R2ikJnHC_80,この動画では、主にポケモンについての話題が中心となっています。特に、生物との関連性や、ポケモンのリージョンフォーム、進化の仕方などについて深く掘り下げています。また、ミノマダムやイーブイの進化系についての質問も取り上げられています。さらに、図鑑ナンバーの違いについても触れられており、それがポケモンの分類にどのように影響するかについても議論されています。また、視聴者からの質問に対する回答も行われており、その中でポケモンの姿の変化や進化についての詳細な説明がなされています。動画の最後には、視聴者への感謝の言葉と共に、さらなる質問やコメントを募る呼びかけがあります。
リモート&#39;2まいがいポケモン&#39;学会【リモポケ学会#6】,https://www.youtube.com/watch?v=ppXO8gJf7es,"この動画では、生物の体の構造や特性についての議論が行われています。特に、体の口を狭くすることの利点と欠点について触れられており、狭すぎると問題が生じる可能性があるため、適度な大きさを保つための特許が多く作られていると述べられています。また、体の口部分にトゲトゲがついている生物についても言及されています。

さらに、小さな生物や柔らかい体に貝殻が乗っているような生物についても言及されています。これらの生物は脊椎動物と見なすことができると述べられています。

次に、対数螺旋構造についての議論があります。これは多くの生物で見られる構造で、羊の角などにも見られます。しかし、この構造が存在するからといって、それが貝殻であるとは限らないという意見も述べられています。

また、生物が巨大化した時に殻を支えるために体の中で構造が成長し、それが対数螺旋構造になることについても触れられています。しかし、これはただの偶然であり、それが貝殻であるというわけではないと述べられています。

最後に、生物についての網羅的な知識を持つためにはどうすればいいかという質問についても議論されています。"
確率・統計でキンセツゲームコーナーを徹底分析 ～最適な立ち回りを検証～【リモポケ学会#4】,https://www.youtube.com/watch?v=ZvCTfQEbJG0,"この動画では、ゲームや確率についての深い議論が行われています。特に、あるゲームの特性や結果が確率によってどのように影響を受けるかについての理論的な考察がなされています。また、ゲームの結果がどの程度の範囲で許容されるか、またそれがどのように誤差として扱われるかについても触れられています。

さらに、視聴者からの質問に対する回答の時間も設けられており、その中でルーレットの確率についての質問に対して、毎回ランダムな確率で結果が決まるという回答がなされています。また、動画の終了後には座談会が予定されており、その中で拾いきれなかった質問やコメントについての時間が設けられる予定です。

また、別の部分では、スロットマシンの操作についての話題が取り上げられています。特に、フラグが立っていれば4回ぐらいの範囲を許容し、当ててくれるという特性について語られています。また、フラグが立っていない場合や、特定のゲームで目標を達成できなかった場合の結果についても触れられています。"
寄生？共生？パラス族とキノコ【リモポケ学会#5】,https://www.youtube.com/watch?v=acVJTe5Azk4,"この動画では、キノコに関する様々な質問に対する回答が行われています。一つの質問では、キノコが繁殖するためにパラスという生物がどのように関与しているかについて語られています。パラスが広範囲で移動することにより、キノコが広範囲に繁殖できるという可能性が示唆されています。また、パラスがキノコを繁殖させる行動をとる描写があることから、パラスのおかげでキノコが繁殖できるという考え方もあると述べられています。

次に、キノコの形状についての質問に対する回答があります。キノコが笠形の形状を取るメリットについて考えられるという質問に対して、キノコが傘型や丸っぽい形状を取ることで表面積が大きくなり、それが報酬を飛ばしやすくするというメリットがあると述べられています。

全体として、この動画はキノコに関する深い質問に対する詳細な回答を提供しており、視聴者にとっては非常に教育的な内容となっています。しかし、時間の都合上、全ての質問に対する回答を提供することはできず、質疑応答のセッションは終了しています。"
剣盾ダブルとWCSの魅力【リモポケ学会ex】,https://www.youtube.com/watch?v=yPwkO-y0rdQ,"この動画では、ある試合についての話が中心になっています。試合は8日間にわたり、参加者は12時間近く活動するとのことです。参加者のスケジュールが公開されており、試合が始まる前日には時差ぼけを解消し、体調を整えることが重要であると述べられています。また、精神状態や体力状態を管理することの重要性についても触れられています。

さらに、個人的な宣伝やブログの紹介なども行われています。特に、Twitterでの実況ツイートについて触れており、それを通じて試合の雰囲気を味わってもらいたいと述べています。

また、2018年のあるイベントについても触れられています。そのイベントでは、ホテルのラウンジやロビーで多くの人との対戦や会話を楽しむことができ、その交流会が一番の目的である人も多かったとのことです。さらに、ハイレベルな戦いを見ることの面白さや、現場での熱気や盛り上がりを感じることができる魅力についても語られています。また、他の選手の応援も盛り上がり、一体感を感じることができたと述べています。"
幻のポケモンゲーム「ポケモン×〇〇を想像してみた！【リモポケ学会#1】,https://www.youtube.com/watch?v=ud1nJxgIOlE,"この動画では、ポケモンと他のゲームやシリーズとのコラボレーションについて話しています。特に、女神転生シリーズとのコラボレーションについてのインタビューが触れられています。また、ポケモンの歴史についても言及しており、初代から金銀以降の過去へのシフトについて語っています。

さらに、ポケモンとファイアーエムブレムの比較についても議論しています。ファイアーエムブレムとポケモンが同じような雰囲気を持つと感じている一方で、ファイアーエムブレムには独自の要素が多く、それがポケモンとは異なる戦闘感を出していると述べています。また、人とポケモンが戦闘ユニットとして共に戦うという点も、信長とは違った感じを出していると指摘しています。

さらに、ポケモンのゲームについても言及しています。特に、ハンター4kという要素があまりないと指摘しています。また、ディアンシーの映画の時の盗賊のゲームについても触れています。

最後に、ポケモンレジェンドについても言及しています。全体的に、この動画はポケモンと他のゲームやシリーズとの関連性、そしてポケモン自体の進化と特性について深く掘り下げています。"
現実世界と仮想世界を繋ぐポケモンの未来【リモポケ学会#1】,https://www.youtube.com/watch?v=L85D1VMPAc0,"この動画では、ポケモンとそのユーザー間の関係性、特にコンテンツ制作者とユーザーの間で理想が食い違う時の問題について議論しています。また、ポケモンが現実と仮想の関係性を深めるコンテンツを提供し続けていること、そしてその理念がユーザーによって再認識されたことについても触れています。

さらに、過去のポケモン作品に対する不満を持つユーザーが多いという問題についても言及しています。しかし、ポケモンが現実世界と仮想世界を豊かにするという理念を掲げ続ける限り、技術的な壁にぶつかることがあっても、私たちとポケモンの関係性は深まる方向に進むと述べています。

また、全てのポケモンを最新作に連れて行くことができなくなったとしても、別のアプローチで過去作のポケモンを生かした遊びが提供されることに期待していると述べています。

さらに、仮想世界の発展についても触れており、特にVRの存在について言及しています。そして、ポケモンとVRの関係性について、2016年のインタビューでポケモンの石原社長がポケモンが現実世界と仮想世界をつなげていると述べたことを引用しています。

動画の後半部分は、具体的な内容が明確でないため、詳細な要約は難しいです。しかし、ポケモンの体験やプレゼンテーションの作成、そして友達との関係などについて話しているようです。"
黒いリザードンの歴史【リモポケ学会#2】,https://www.youtube.com/watch?v=bt7xxu6Gv_A,"この動画では、主にポケモンに関する話題が中心となっています。まず、色違いのポケモン、特に人影やリザードについての感想が述べられています。色違いのリザードは黄色く、瞳が青または緑で、非常に美しいと評価されています。また、ゲームの画面で見たときの色の印象についても触れられています。

次に、デモンゴーで色違いのリーダーを捕まえる話題に移ります。具体的な数は数えていないと述べつつも、コミュニティイベントでは多くの色違いのポケモンを手に入れることができると語られています。

その後、リザードンとカレーについての話題が出てきます。リザードンにカレーを食べさせることについて触れ、カレーの根本にもいつか行きたいという意見が述べられています。また、全てのポケモンが好きな人は全てのカレーペーションを取るべきだという意見も出ています。

最後に、プレイについての感謝の言葉が交わされ、動画が終了しています。"
今日から使える撮影知識～New ポケモンスナップやりこみのススメ～【リモポケ学会#2】,https://www.youtube.com/watch?v=h2U_2HysruQ,"この動画では、ポケモンスナップというゲームの特徴とテクニックについて説明しています。プレイヤーはポケモンの位置を調整したり、特定の行動を引き出すことができます。特に、クリスターフラワーにオーブを当てると、周囲の複数のポケモンを同時に活動状態にすることができ、さらにレアな行動を引き出すことが可能です。

また、ネオ1号というツールの操作についても詳しく説明しています。シナリオ後半まで進むと、ボタン操作で加速ができるようになりますが、正面以外を向くことやズーム状態になることで減速させることも可能です。これを利用すると、周期的な行動をするポケモンの撮影タイミングを調整することができます。さらに、ネオン号は進路にポケモンがいると衝突しないように避ける仕様があります。

このゲームの楽しさと、撮った写真の活用方法についても触れています。例えば、ブログに使ったり、記事を書く時に使ったりと、いろんな使い方ができます。興味がある方はぜひこのゲームを手に取って遊んでみてください、というメッセージも伝えています。"
私たちの居場所　令和トリプル【リモポケ学会#4】,https://www.youtube.com/watch?v=fFjNGpSzFUw,"この動画では、視聴者からの質問を受け付けていることが述べられています。また、ハッシュタグやTwitterを通じても質問を受け付けているとのことです。動画の一部では、話者が自分の声が聞こえていないかもしれないと述べています。さらに、Discordについても触れられています。

また、動画ではコミュニケーションの場としてのリプレイ前のバトルビデオ観賞会についても触れられています。この観賞会は同じチャンネルで行われているとのことです。さらに、パテックさんのチャンネルが紹介されています。パテックさんは、痛快なロマンギミックと丁寧な編集により、トリプルバトルになじみのない人々にも支持を得ている実況者で、初心者向けのトリプルバトル解説動画も提供しています。トリプルバトルについてよくわからない人は、まずパテックさんの動画を見ることが推奨されています。

さらに、他にもトリプルバトルの動画を投稿している人々がいること、投稿者が日々増えていることが紹介されています。視聴者には、お気に入りのトリプルバトル動画投稿者を見つけることが提案されています。

最後に、プレゼンテーションの終了とともに、ライド作成に協力した人々や、発表の違いを提供した人々、さまざまな面でサポートを提供したポケモン合体のスタッフに感謝の意が述べられています。また、視聴者に対しても感謝の言葉が述べられています。そして、質疑応答の時間に移ると述べられています。"
星座とポケモン【リモポケ学会#4】,https://www.youtube.com/watch?v=c8eUW51U_c8,"この動画では、主にポケモンと天体観測について話しています。初めに、何かを洗う話や夏休み大作戦について触れ、その後、潜在について話すことを予告しています。しかし、時間の制約から質疑応答のセクションに移行します。

次に、ポケモンについて話し始めます。特定のポケモンが青で欲しいという話題や、ゲーム内でポケモンが夜に飛んでいるシーンについて触れています。しかし、そのポケモンがゲームでは朝しか出ないという事実についても言及しています。

その後、天体観測についての話題に移ります。大きなセンサーから冬まで見たいという話や、ライブで見ることの重要性について語っています。また、視聴者からの質問に答えて、流星群が公園や大九州で見られるかどうかについても触れています。彼は、しし座流星群などが日本でも見られると答えていますが、その規模は場所によって変わるとも述べています。

最後に、ポケモンと天体観測を組み合わせた話題についても触れています。具体的には、ポケモンに関連する天体の話題や、テレビのシナリオについて話しています。"
増田と「伏線」【リモポケ学会#4】,https://www.youtube.com/watch?v=gLhgQY3wLr0,"この動画では、主にゲームやエンターテイメントについての話題が展開されています。特に、ゲームフリークの歴史についての展覧会について触れられており、その中で松田さんが出演していたことが言及されています。また、森本さんがミュウの裏話について話していたことについても触れられていますが、詳細は語られていません。

さらに、増田さんがインスタライブを行っていることについても話題に上がっています。しかし、そのインスタライブのアーカイブが残らないこと、そしてそれが視聴者にとって必ずしも観るべきものではないという意見が述べられています。

また、動画の中では、下北沢周辺に行くことについても言及されており、その地域についての話題も展開されています。その他にも、スポーツについての話題や、日本人についての話題など、さまざまなテーマについて話が広がっています。

最後に、質疑応答の時間が終わりを迎え、動画は終了しています。視聴者に対しては、重いものだけを履いて頂ければというメッセージが伝えられています。"
第1回ポケモン六物語,https://www.youtube.com/watch?v=NeB5fxD0oXs,この動画では、複数のプレゼンテーションが行われています。三治郎氏が物理、数学、言語学、民俗学についてのプレゼンテーションを行い、その後、視聴者に感謝の言葉を述べています。次に、我が社のメンバーが自己紹介を行い、その後、8ビクの発表に移ります。目月という人物も自己紹介を行い、普段はアラカスながらのお二人がスタッフとして働いていること、そしてポケモンのお宅をやっていることを紹介します。その後、本日のトピックであるポケモンの要素である「タイプ」についての話題に移ります。基本の外輪作品におけるタイプの扱いについて調査した結果を共有します。また、会話の中で、レンジャーや今日の仕組みなどについても触れています。
第2回ポケモン六物語,https://www.youtube.com/watch?v=Vw5QR2XNx1Q,"この動画では、視聴者とのインタラクティブな要素が含まれています。視聴者に映画への投票を促し、特定の選択肢を推奨しています。また、視聴者からのコメントに感謝の意を表し、配信の終了を告げています。

一方で、ゲームに関する深い議論も行われています。特に、ポケモンゲームにおける戦略と技術についての詳細な解説が含まれています。具体的には、特定のポケモンの能力とそれがゲーム内でどのように機能するか、また、特定の戦略がどのように成功または失敗するかについて語られています。さらに、ゲーム内での体力管理や位置取り、そして特定のポケモンがどのように攻撃や防御に利用できるかについても触れられています。

全体として、この動画は視聴者との対話とゲームに関する深い洞察を提供することで、エンターテイメントと教育の両方を提供しています。"
第四世代補完として見るポケモンレンジャーシリーズ【リモポケ学会#1】,https://www.youtube.com/watch?v=6z4Qt-cL6o8,"この動画では、複数の話題について語られています。まず、何かが8ミリになったという話題があり、それについての保管について言及しています。その後、天童さんによる第4の補完について話し、シリーズについての案内があると述べています。配信トラブルがあったため、何かを10分ずらして進めると述べています。また、プレゼンに関しても触れており、ベンチャーシリーズに参加していることを明らかにしています。

次に、日の卵について話し、それが全てであると述べています。その後、ゲームの話に移り、特にそのボリュームが薄いという点について触れています。ゲームに慣れた人であれば5時間程度でクリアできると述べています。しかし、これについては、日の卵の全てが同線であるという事実と関連していると説明しています。また、ダイモンドパウダーにクリアして守る必要があるという依頼や乱暴な見方についても触れています。

ストーリーについても言及し、ポケオナ使い本ベントの連動についてと別すべきものについて語っています。そして、難易度についても触れています。以上がこの動画の主な内容です。"
超人と携帯獣を繋ぐモノ【リモポケ学会#mini2】,https://www.youtube.com/watch?v=HV4NYf2fDHE,"この動画では、主にポケモンとロボットアニメの関連性について語られています。まず、プレゼンターは自己紹介を行い、アマチュアの小説家として活動していること、またリモートポケモン学会のスタッフとしても活動していることを明かします。彼は現在、新人賞に向けて作品を書いているところで、その詳細は指定されたURLから確認できます。

次に、ポケモンについて語ります。ポケモンは1996年に発売され、テレビゲームだけでなくアニメや漫画、大規模なイベントなど多岐にわたる活動を行っている大きなコンテンツであると説明します。そして、ポケモンの楽しみ方は人それぞれで、その多様性がポケモンの魅力であると述べます。

その後、ポケモンとロボットアニメの関連性について深く掘り下げます。ポケモンの開発を行っているゲームフリークは、マニア（フリーク）が開発に参加しており、特撮作品やロボットアニメに精通していることから、これらの要素がポケモンに影響を与えていると考えられます。ロボットアニメを理解することで、ポケモンをより深く楽しむことができると主張します。

しかし、ロボットアニメは非常に多く、何を見ればいいのか迷う人もいるでしょう。そこで、彼はスーパーロボット大戦シリーズをおすすめします。このシリーズは多くのロボットアニメがクロスオーバーしており、ロボットアニメのカタログとも言えます。このシリーズを遊び、気に入ったロボットが出演している作品を見ることで、ポケモンとの共通点を見つけることができると述べています。"
鳥ポケモンの生態について・順位に関する案【リモポケ学会#3】,https://www.youtube.com/watch?v=yDCxqijFEuo,"この動画では、複数のテーマについてプレゼンテーションが行われています。最初の部分では、特定の地域や都市に関する警告や注意事項について話しています。テンカラット昼、フキヨセシティ、譲渡地方、キンセツシティといった場所について、それぞれの特性や注意点を説明しています。例えば、フキヨセシティでは強い横風が吹いている可能性があり、多くの飛行機が行き来しているため注意が必要であると述べています。また、キンセツシティでは地下に入金雪があり、大量の電気が飛び交っているため、侵入は控えるべきだと警告しています。

次に、鳥類の分類学についての話題に移ります。特に、鳥類の生息地や移動パターンについて詳しく説明しています。渡り鳥と留鳥の違いについて触れ、ツバメやカモメなどが渡り鳥に該当し、それらが広い範囲を移動することを説明しています。

プレゼンテーションの終わりには、視聴者からの質問に答える時間を設けています。また、次回の座談会でも質疑応答の時間を設ける予定であることを告知しています。最後に、視聴者に感謝の言葉を述べて動画を終えています。"
徹底解説！グレイシアGX（非公式）【リモポケ学会#mini1】,https://www.youtube.com/watch?v=2TMxpmr4wqs,"この動画では、まずポケモンカードゲームのレギュレーションについて説明しています。レギュレーションが毎年変わり、特定のカードが使用できなくなること、また新しいカードが追加されることを説明しています。その後、質疑応答の時間が終了し、次のプレゼンテーションに移ります。

次のプレゼンテーションでは、ポケモンSVのミニゲームについて説明しています。具体的には、サンドイッチ作りの物理演算によって生じるカオスについて、そしてなぜ我々は高所から具材を落とすのかという謎について調査を行っています。

その後、5分間の休憩を挟み、次のプレゼンテーションに移ります。このプレゼンテーションでは、ヒョウコさんがポケモンカードゲームのカード、グレイシアGXについて徹底解説しています。グレイシアGXの特性や技、そしてそれを活用するためのエネルギー進化のEVについて詳しく説明しています。また、ダブル無色エネルギーというカードを使って、グレイジャーGXを動かす方法についても説明しています。"
電気タイプジムリーダーなのに追加メンバーが水・飛行!?【リモポケ学会#4】,https://www.youtube.com/watch?v=7Uhi_U6bmJk,"この動画では、特定のポケモンとその特性について詳しく説明しています。特に、パーというポケモンが焦点になっています。パーは一般的に水と飛行のタイプで、電気タイプではありません。しかし、過去には専門タイプ以外のポケモンを使うトレーナーもいました。例えば、木谷わたるのキャンパスやバナナさ大蛇などが挙げられます。

また、パーの特性である息吹についても触れています。これは図鑑の都合や後々のドラゴンポケモンとドラゴンタイプの違いについて説明するためのものです。ドラゴンタイプ以外を使う理由も付けられています。

さらに、電磁のパーについても言及しています。一般的には電撃を覚えることができますが、それ以外に電気をモチーフとした要素は見当たりません。しかし、全国図鑑にはマルマインとエンジンを使っていない電気タイプが存在し、これも理由としては不適切です。

最後に、一見不自然に見える10時のパーの作業についても触れています。これが実は恐ろしいほど美しくはまっているポケモンである理由を3つ紹介すると述べています。"
同じポケモンだらけのバトル！ 種族統一をやってみよう【リモポケ学会#4】,https://www.youtube.com/watch?v=kPjkJ9glkEY,"この動画では、特定のキャラクターや技についての詳細な解説が行われています。特に、キャラクターの能力や役割、技の強さや効果について深く掘り下げています。また、一部では、キャラクターが変身する能力についても触れられており、それが非常に優れた技であると評価されています。

さらに、視聴者からの質問に対する回答も含まれています。視聴者が提出した質問については、後の座談会で取り上げると述べています。動画の終わりには、視聴者に感謝の言葉を述べ、エンディングに移行すると宣言しています。"
同じポケモンだらけのバトル！種族統一をやってみよう in パルデア【リモポケ学会#7】,https://www.youtube.com/watch?v=zpK8AfetJ24,"この動画は、ポケモンに関するディスカッションと質疑応答を中心に展開されています。まず、特定のポケモンがドイツでも強いという話題について触れ、そのポケモンが好きであることを述べています。次に、複数のフォルムや情報を持つポケモンが圧倒的に強いという意見について、それがゲームバランス的にどう影響するのかという質問に答えています。その後、パルテアにも来るかもしれないという話題に移り、どちらか一方だけが来る場合や両方が来る場合など、さまざまな可能性について語っています。

その後、質疑応答のセッションを終え、白檀さんのテラスタルとポケモンの脳についての考察に移ります。視聴者に対して、テラスタオルについての知識があるか、自分のポケモンに使ったことがあるか、または150種類以上のポケモンで観察したことがあるかというアンケートに答えるように求めています。このアンケートは休憩時間中にコメント欄で回答することが求められています。"
売り上げから見るBDSPと LEGENDS アルセウス【リモポケ学会#5】,https://www.youtube.com/watch?v=bAT4F4FzC9U,"この動画では、主にポケモンについてのプレゼンテーションが行われています。最初の部分では、ポケモンの尾西構造について考えるコード、色から透明マントまでについて話されています。また、ポケモン図鑑の説明が面白いという話題も取り上げられています。その後、10分間の休憩が入ります。

再開後、プレゼンテーションは細かいところについて突っ込む内容に移ります。プレゼンテーションの時間内に終わらせるため、また誰でも分かりやすくするために、特定の点について深く掘り下げています。その中で、2021年度に発売されたポケモン新作についても触れられています。具体的には、「ポケットモンスターブリリアントダイヤモンドシャイニングパール」と「ポケモンレジェンド」について言及しています。

さらに、ポケットモンスターがリメイクされる際の最新のスキームについても話されています。特に、「ポケモンレジェンドアルセウス」がシリーズ初のオープンワールドであること、そしてその売り上げが読みづらいという点について触れられています。従来通りのリメイクであれば、売り上げの推測が可能だが、今回は違う軽度だったため、売り上げの推測が難しいという話題も取り上げられています。"
秘伝スパイス徹底考察 ～ なぜ”しぶスパイス”ではなく”しおスパイス”なのか？【リモポケ学会#7】,https://www.youtube.com/watch?v=YdZXaIbMuj0,"この動画では、食べ物の味についての議論が行われています。特に、美味しさが何から生じるのか、なぜ食べ物が美味しいと感じるのか、または美味しくないと感じるのかについて考察しています。さらに、ポケモンを通じてこれらのテーマを探求しています。

具体的には、ピカチュウが食べ物に対して反応する様子について話しています。ピカチュウが食べ物を食べたときに、その食べ物が美味しくないと感じると、咳き込んだり飛び上がったりすると述べています。これは、食べ物に何か特定の材料やスパイスが加えられた結果、その食べ物が不味くなった可能性を示唆しています。

また、食べ物に適量以上のスパイスを加えると、それが体にダメージを与える可能性があるとも言及しています。これは、食べ物に適量以上のスパイスを加えると、それが体にダメージを与える可能性があるとも言及しています。これは、食べ物に適量以上のスパイスを加えると、それが体にダメージを与える可能性があるとも言及しています。これは、食べ物に適量以上のスパイスを加えると、それが体にダメージを与える可能性があるとも言及しています。

最後に、スパイスを適切に使用することで、食べ物の味を改善し、体の回復を助けることができると述べています。"
無敵を創ろう～ポケモン特殊戦術考察部～【リモポケ学会#4】,https://www.youtube.com/watch?v=DbzivYyeKD0,"この動画では、ポケモンの戦略や戦術について深く議論しています。特定のポケモンを使用する際の考え方や戦略を詳しく説明しています。例えば、特定のポケモンを使いたいと思ったとき、どのような行動を取るべきか、どのような補助が必要かなどについて考えていくことを提案しています。

また、バトルの判定についても触れています。特に、タイムアップの時の判定について説明しており、生き残っているポケモンの数やHPの全体の割合が重要であることを指摘しています。

さらに、特定の技やアイテムの使用についても言及しています。例えば、スカーフを使用すると守ることができないというデメリットについて説明していますが、それが必ずしも問題にならない状況もあると述べています。

このように、動画はポケモンの戦略や戦術についての深い理解を提供し、視聴者が自分自身の戦略を考えるための洞察を提供しています。"
料理を通じてポケモン界への理解を深めよう【リモポケ学会#5】,https://www.youtube.com/watch?v=U9eAo6U33hY,"この動画では、プレゼンテーションの途中で10分間の休憩が入り、その後、視聴者からの質問に答える形式が取られています。質問の一つは、チキンの焼き方についてで、特に裏返した後の油をかけ続けて焼く方法について言及されています。この方法は、チキンを焼く際によく用いられる手法で、それを用いるかどうかで焦げ目の再現性が変わる可能性があると述べられています。

また、視聴者からの別の質問では、鶏肉の焼き目に強力粉を使用したことがあるかどうかについて尋ねられています。強力粉は薄力粉に比べてタンパク質の割合が多いため、それによって焦げ付きの良さが強まる可能性があると考えられています。しかし、強力粉を試した経験はないと答えていますが、家に強力粉があるため、後ほど試してみると述べています。

さらに、増田さんの友人がチキン屋を経営しているという情報も共有されています。これらの情報は、視聴者からの質問に対する回答の一部として提供されています。"
歴代グレイシアについて【リモポケ学会#1】,https://www.youtube.com/watch?v=Ts1Vkr_FMrY,この動画では、プレゼンテーションやディスカッションが行われているようです。特定の話題についての情報が多く、それについての質疑応答の時間も設けられています。また、ゲームについても言及されており、特に「ウィッチャー」や「ポケモンタイピング ds」などのゲームについて話されています。さらに、ポケモンに関連するグッズや情報についても触れられています。この動画は、様々な話題について深く語られているようです。
