title,url,summary,top_tag,middle_tags
「キミはせかいのはじまりをしっているか」～ポケモン本編の悪の組織とは～【リモポケ学会#4】,https://www.youtube.com/watch?v=tYP62qoR0Bw,このプレゼンテーションでは、ポケモンの世界における悪の組織について話されています。悪の組織はゲーム内で主人公と敵対し、ストーリーの展開上で重要な役割を果たしています。具体的には、ロケット団やプラズマ団などが取り上げられ、彼らがポケモンを利用して世界を支配しようとしていることが紹介されています。また、悪の組織の目的や思想の違い、ポケモンと人間の関係についても考えさせられる内容です。さらに、地方の中枢に影響力を持つ組織や共同体から外れた存在としての悪の組織についても触れられています。このプレゼンテーションは、ポケモンの世界観や悪の組織についての理解を深めるためのものであり、子供たちにとっても重要な要素となっています。,ポケモンと人間,"['#ポケモン悪の組織', '#ポケモンと人間の関係', '#ポケモン世界観']"
「伝説の鳥ポケモン」とは何か～ファイヤーは既に進化したポケモンである～【リモポケ学会#3】,https://www.youtube.com/watch?v=C_8lQ0Epy7E,このプレゼンテーションでは、伝説の鳥ポケモンについて詳しく説明されています。伝説の鳥ポケモンはお互いに接点を持っておらず、共通する伝説もありません。それぞれが独自の姿や特徴を持ち、個別の出来事や記録が存在します。また、ポケモンのエムリットクレセリアについても話されており、同族である可能性が示唆されています。さらに、ポケモンの進化やリージョンフォームによる関係性や、キャンプ判定法を用いた関係の判断方法も紹介されています。プレゼンテーションの結論として、ポケモンの可能性はまだまだ広がっており、今後の発展に期待が寄せられています。,ポケモンの進化・生態,"['#伝説のポケモン', '#ポケモンの進化', '#リージョンフォーム', '#伝説の鳥ポケモン']"
『ティラノサウルスの化石』を探しに行こう【リモポケ学会#3】,https://www.youtube.com/watch?v=BhSinaoJM4c,このプレゼンテーションでは、ポケモンの世界観について話されています。ポケモンの世界は、人とポケモンによって構成されており、他の動物は存在しません。しかし、幻のポケモン映画のプロットでは、ポケモンの世界に実在したティラノサウルスの化石が発見されるという設定があります。このプロットは、ポケモンの世界観に切り込む試みであり、ポケモンの進化論や動物の存在について疑問を投げかけています。また、ポケモンの世界におけるティラノサウルスの化石の問題についても話されています。ティラノサウルスの化石がポケモンの世界を破壊し、ポケモンと人間の存在が危うくなるという危機感が伝えられています。さらに、ポケモンの世界における新たな挑戦や進化論についても話されており、従来のポケモンの常識を崩すような要素が取り入れられています。プレゼンテーションの結論として、ポケモンの世界と現実の世界を比較しながら、ポケモンの世界に深く入り込んでいくことを目指して制作されたことが伝えられています。また、ポケモンに関する新しい発表も行われ、化石博物館の影響を受けたポケモンやゴーストタイプのポケモンについても話されました。最後に、関係者やスタッフに感謝の意が述べられました。,ポケモンの進化・生態,"['#ポケモン進化論', '#ポケモンの生態学', '#ポケモンと現実世界の比較', '#ポケモンの化石']"
『未知』の存在について【リモポケ学会#2】,https://www.youtube.com/watch?v=RlUth3y71QY,このプレゼンテーションでは、ポケモンの一種である「アンノウン」についての情報が紹介されました。アンノウンはポケモンの世界で謎に包まれた存在であり、文字のような姿をしています。彼らは特定の場所にのみ出現し、安納文字と呼ばれる文字が刻まれています。この文字にはアンノウンについての重要な情報が含まれており、彼らと共に歩むことが必要とされています。プレゼンテーションでは、アンノウンの謎についての考察や解釈が提示され、興味深い情報が提供されました。また、ポケモンに関するさまざまな要素についても話されました。具体的には、ポケモンの文字や言葉、ポケモン図鑑の英単語の意味、展示文明や安納の関連性、ポケモンの感情や神の力などが述べられました。さらに、ポケモンの世界における独自の文字の存在や、ポケモンのシンボルがナスカの地上絵に似ていることから、象形文字から文化が生まれる可能性も考えられました。プレゼンテーションは非常に興味深く、参加者同士のコミュニケーションを広げる機会となりました。,ポケモンに関する深い考察,"['#アンノウン', '#ポケモンの言語', '#ポケモンの深層', '#ポケモン世界観']"
&quot;今&quot;をトキメク　1/8192の世界【リモポケ学会#2】,https://www.youtube.com/watch?v=PCElzkYT78k,このプレゼンテーションでは、ポケモンの色違いについて紹介されました。色違いのポケモンは珍しく、出会った時にはとても嬉しいものです。また、色違いのポケモンは個々のプレイヤーにとって特別な思い出を作ることができます。プレゼンテーションでは、過去作での色違いの入手方法や種類について詳しく説明されました。さらに、色違いのポケモンはプレイヤーの愛着を育む要素となっています。また、プレゼンテーションでは、色違いの出現方法や固定リセットの方法についても説明されました。さまざまな方法で色違いを狙うことができるので、興味がある方はチャレンジしてみることをおすすめします。さらに、プレゼンテーションでは、ポケモンに関するさまざまな情報が紹介されました。ポケモンのゲームソフトの中古市場で改造されたROMが出回っていることや、希少なポケモンの入手方法についても触れられました。最後に、プレゼンターは自身の経験や好きなポケモンについて語り、色違いポケモンの魅力や出現に関する質問に答えました。全体として、ポケモンに興味がある人にとって役立つ情報が提供されました。,ポケモンの進化・生態,"['#色違いポケモン', '#色違いポケモンの入手方法', '#ポケモン情報']"
96～&#39;99 ポケモンホビーを共に振り返ろう【リモポケ学会#5】,https://www.youtube.com/watch?v=f29jmmz77N4,"このプレゼンテーションでは、アガリクスキノコさんが1996年から1999年のポケモンのホビーについて振り返り、ポケモンのホビーに懐かしさを感じることが鎮痛効果をもたらす可能性があると述べています。また、90年代のポケモン関連コンテンツの発表時期やメディアミックスの展開について説明し、ポケモンカードゲームやポケモンセンターの開業などの重要な出来事を紹介しています。さらに、自身がポケモンに触れた最初の媒体がホビーであったことや、初期のポケモングッズの特徴や模倣品の存在についても触れています。

このプレゼンテーションでは、ポケモンに関する情報が紹介されており、株式会社ポケモンの設立やポケモンセンターの運営、ポケモンの商品展開などが説明されています。また、ポケモンのグッズやゲームについても触れられており、過去の商品やフィギュアについても紹介されています。さらに、ポケモンを通じて現実世界と仮想世界を豊かにすることを目指していることや、ポケモンを永続的なブランドに育てるための戦略も述べられています。

このプレゼンテーションでは、ポケモンに関する商品やコレクションについて話されており、プラモデルやポケモンキット、ポケモンスタンプ、ポケモンカレーなどが紹介されています。また、ポケモンの立体化についての希望や、ポケモンセンターのミッションについても言及されています。質疑応答では、ポケモンスタンプやポケモンハッチ、ポケモンカレーのメインコアやメダルについての質問がありました。

このプレゼンテーションでは、ポケモンに関する様々なグッズや商品について紹介されており、ポケモンのメダルやポケモンキット、ポケモンカレーやポケモンふりかけなどが取り上げられています。また、ポケモンがなぜ人気を集めたのかについても解説されており、怪獣系のポケモンが特に人気であったことや、ポケモンがどのように生み出されたのかについても触れられています。最後には、ポケモン全史についてのプレゼンテーションが行われ、ポケモンの誕生の経緯や人気の理由が解説されました。",商品・経済,"['#ポケモンカードゲーム', '#ポケモンセンター', '#ポケモングッズ', '#ポケモンホビー', '#ポケモン商品展開']"
AIは「ふしぎな生きもの」の夢を見るか【リモポケ学会#6】,https://www.youtube.com/watch?v=z4XULbTxi3c,このプレゼンテーションでは、AIを使ったポケモンに関する研究について紹介されました。具体的には、ポケモンの進化の途中経過を推論する実験やポケモンのイラストや模様を生成する実験が行われました。また、ポケモンに関するAIの挙動やポケモンと人間の関係についても議論されました。さらに、ポケモンの色彩の変化や鳴き声の生成についても触れられました。AIの技術の進化により、ポケモンに関する新たな可能性や創造性が広がる一方で、倫理的な観点やセーフティにも注意が必要です。,技術・研究,"['#AIとポケモン', '#ポケモン研究', '#AIポケモン研究']"
AR写真をはじめよう！夢と冒険とポケットモンスターの世界へ！【リモポケ学会#3】,https://www.youtube.com/watch?v=-IcrOK4bWws,このプレゼンテーションでは、ポケモンゴーのAR写真の魅力について説明されました。AR写真は現実の風景にポケモンを合成することで、自分の足でフィールドを広げる楽しみやポケモンの生き生きとした姿を撮影することができます。一方、新しいポケモンスナップはゲーム内でポケモンの楽園が広がり、高層やギミックなどが作り込まれているため、ポケモン好きにはたまらない楽しさがあります。ポケモンゴーのAR写真撮影のコツとして、光の状態や背景の選び方、ポケモンの色と背景の色の合わせ方、撮影の角度やポケモンの大きさの調整が紹介されました。さらに、季節や場所によってさまざまなポケモンを撮影することができます。プレゼンテーションでは、質問や意見を受け付けており、参加者からの質問にも答えられました。,その他,"['#ポケモンゴーAR写真', '#ポケモンスナップ']"
GO TO MASUDA【リモポケ学会#2】,https://www.youtube.com/watch?v=9yb4cPXmbWA,このプレゼンテーションでは、ポケモン制作者の増田順一氏の聖地巡礼についての考察が中心となっています。増田氏の研究や考察はポケモンを知るための重要な情報源であり、彼の投稿された写真が新作ポケモンの複製であることも示唆されています。また、プレゼンテーションでは、増田氏の聖地巡礼についての経験や効果についても説明されています。さらに、関西地方や神奈川県などのポケモンに関連する場所や、ポケモンに関する情報やトピックが紹介されました。プレゼンテーションの最後では、ポケモン勢にとっての特別な日やポケモンファンが選ぶランチの場所も紹介されました。全体的に、ポケモンに関する情報や増田氏の経験についての興味深い内容が含まれていました。,ポケモン文化・社会,"['#増田純一（ポケモンのクリエイター）', '#新作ポケモンのヒント', '#増田順一聖地巡礼']"
LEGENDSアルセウス コトブキムラ住民動態【リモポケ学会#3】,https://www.youtube.com/watch?v=aiwbMUK7Jo0,ポケモン Legends Arceusのプレゼンテーションでは、新しい要素やゲームの楽しみ方について説明されました。フィールドでのポケモンライドやバトル、色違いポケモンの出現などが紹介されました。また、現実世界との関連性や植物の観察、写真の撮影会なども楽しめると述べられました。さらに、ポケモンと人の出会いや認識の変化についても触れられ、メイン任務とサブ任務の進行によって住民の態度や行動が変化することが説明されました。時間帯やサブ任務の発生条件、建造物の増築なども紹介され、プレゼンテーションは具体的なデータやグラフを用いて説明されました。このプレゼンテーションでは、ポケモンに関する情報が提供されています。ポケモンの供給が安定し、受け入れ数も増えたことが示唆されています。住民の構成や年齢構成についてのデータも示され、子供の数が少ないことや高齢者の割合が比較的高いことが分かります。また、住民の動きや特定の住民の変化についても説明されています。さらに、村彦ムラムラ1道彦に関する調査結果や製造タイの街の住民についても触れられています。このプレゼンテーションでは、ポケモンに関するさまざまな要素が紹介されました。まず、貴音というキャラクターとその相棒のグレッグについて言及されました。また、ポケモンセンターの設置やラッキーハピナスの加入など、ゲーム内の出来事についても触れられました。さらに、ポケモンと人との関わりについて考える必要があるというメッセージも伝えられました。共存共栄や文化交流の重要性が強調され、サブ任務やキャラクターの行動からもそれが示唆されました。最後に、プレゼンテーションの内容がポケモン学会で発表されることになった経緯も説明されました。プレゼンターはポケモンの新作ゲームについて話し、ウルトラビーストやポケモンのテーマについて考察しました。また、プレイの感想やパーティの選び方についても話しました。参考にした情報源や攻略本についても触れられました。最後に、質問や感想を募り、プレゼンテーションを締めくくりました。このように、ポケモン Legends Arceusのプレゼンテーションでは、新しい要素やゲームの楽しみ方、ポケモンと人の関わり、ポケモンの供給や住民の構成など、さまざまな情報が提供されました。,ポケモンというゲーム・その戦略,"['#ポケモン戦略', '#ゲーム戦略', '#ポケモンLegendsArceus', '#ゲームプレイ']"
Pokémon WCSを楽しもう カードゲーム編【リモポケ学会ex】,https://www.youtube.com/watch?v=bHUte8v_lXs,"このプレゼンテーションでは、ポケモンのWCS（ポケモンワールドチャンピオンシップ）について話されています。プレゼンターは自身がポケモンカードの世界大会に参加した経験を持ち、WCSの概要や参加方法について説明しています。WCSは毎年アメリカで開催されており、今年はロンドンでも行われる予定です。日本代表になるためにはポイントや大会での上位入賞が必要であり、日本人の参加者も多いです。対戦方式やカードの使用制限が日本と世界で異なることが特徴であり、プレゼンターは世界大会での経験を通じて、ライバルとの交流や楽しさを感じていると述べています。

また、ポケモンカードに関する情報が紹介されており、ポケモンGOは世界同時発売され、日本では他のカードが使えない中、ポケモンGOだけが使用可能です。ポケモンカードの練習はジムバトルでは難しいため、専用の練習が必要です。WCSでは、異なる国のプレイヤーとのコミュニケーションが難しいため、英語が必要です。大会ではスイスドロー方式が採用され、勝ち続けることが重要です。アルセウスとオリジンパルキアは強力なカードであり、アメリカ大会の優勝者も使用していました。

さらに、ポケモンカードの特徴や楽しみ方についても触れられています。プレゼンターは自身も参加したいと思っており、他の人にも参加を勧めています。質問やコメントはYouTubeのコメント欄で受け付けていることも伝えられています。

最後に、ポケモンカードの大会やルールについての説明や質問に答えながら、世界大会の開催や各国の参加者の年齢層についても触れられています。また、ポケモンカードの制作や世界同時発売の理由についても推測しています。プレゼンター自身のお店の宣伝も行っています。

以上が、このプレゼンテーションの要点のまとめです。",商品・経済,"['#ポケモンカードゲーム', '#ポケモン大会', '#ポケモン情報収集']"
ある男【リモポケ学会#6】,https://www.youtube.com/watch?v=YGHAc3R7haQ,このプレゼンテーションでは、ポケモンのキャラクターであるダンデに焦点を当てています。彼はガラル地方で最強と言われ、無敗の記録を持っています。彼の強さや孤独さ、正面から戦うスタイルが強調されています。また、彼の存在はポケモンシリーズだけでなく現実世界にも影響を与えている可能性があります。さらに、ポケモンのゲームやキャラクターについての話題や、ポケモンとAIについての話題も取り上げられています。ポケモンを通じてAIについて詳しくなり、親しみを持ってもらいたいという目的があります。,技術・研究,"['#AIとポケモン', '#ダンデ', '#ポケモンと現実世界']"
エーフィは何故たいようのいしで進化しないのか？【リモポケ学会#5】,https://www.youtube.com/watch?v=_48Gp5ybxys,このプレゼンテーションでは、ポケモンの進化に関する考察が行われています。進化の石や環境の影響、特定の条件やアイテムの関与などが話されました。イーブイやエーフィの進化条件の違いや、タイプ進化の石と非タイプ進化の石の違いについても触れられました。ただし、これらは仮説であり、公式の見解ではないことに注意が必要です。全体的に、ポケモンの進化や環境についての考察が行われました。,ポケモンの進化・生態,"['#ポケモンの進化', '#ポケモン進化論']"
オニシズクモがすごい！【リモポケ学会#mini1】,https://www.youtube.com/watch?v=l7IJZtSdhq4,このプレゼンテーションでは、ポケモンの鬼雫と雫もについての特徴やデザインが説明されました。鬼雫はクモポケモンであり、他のクモポケモンとは異なる足の数や位置を持っています。また、鬼蜘蛛の要素も取り入れられており、水ポケモンとしての要素も表現されています。雫もは逆転した姿と頭の大きさが特徴で、糸丸が逆立ちしているようなポケモンです。プレゼンテーションでは、ポケモンのデザインや特徴に関する興味深い情報が紹介され、参加者からの質問にも答えられました。次のプレゼンテーションは響子さんのグレイシアGXについての解説となることが発表されました。,基本情報,"['#ポケモンデザイン', '#オニシズクモ', '#リモポケ学会']"
コイキングの強さ ギャラドスの弱さ【リモポケ学会#7】,https://www.youtube.com/watch?v=1ppzheaqgO0,このプレゼンテーションでは、コイキングとギャラドスの強さと弱さについて説明されています。コイキングは非常に弱く、どこにでもいる特徴がありますが、生命力や繁殖力は強いです。一方、ギャラドスは凶暴な性格で、口から出す破壊光線で全てを焼き尽くす能力を持っています。ギャラドスは滅多に姿を現さず、現れたら突然暴れ、周りを破壊していく特徴があります。コイキングとギャラドスは進化関係ではなく、コイキングが長生きしてもギャラドスには進化しないようです。ギャラドスは普段はコイキングのまま長生きしているが、特別な役割を持っていて、起こって暴れる必要がある存在のようです。また、バッタの群れとポケモンのギャラドスの性質についても説明されました。バッタの群れは大群で移動し、短い羽と大きな足を持ちますが、寿命が短く、卵を産む数も少ないことが知られています。ギャラドスは単体で暴れ、長い羽と小さな足を持っています。バッタの群れとギャラドスは、普段は見せない姿で生活していますが、特定の状況下で変化し、災害を引き起こします。バッタの群れは移動力に長けており、ギャラドスは飛行能力と戦闘能力に優れています。コイキングはギャラドスに進化することが難しく、コイキングでいる方が生きやすいと考えられます。ギャラドスはコイキングの弱点をカバーし、コイキングの繁栄のために自己犠牲をする存在として存在しています。人間とギャラドスの関係についても触れられており、人間の争いがギャラドスの出現を引き起こす可能性があることが示唆されています。さらに、コイキングとギャラドスの関係やトレーナーとギャラドスの関係についても説明されました。コイキングが増えすぎるとギャラドスが生まれ、人間の争いが原因でコイキングが追い詰められることもあります。また、環境の厳しさや人間の数の増加もコイキングとギャラドスの発生に関与している可能性があります。ギャラドスは強力で凶悪な存在とされており、トレーナーとの信頼関係が築かれることもあります。さらに、ギャラドスは環境を破壊することで有利な状況を作り出す可能性もあります。ゲームでは、コイキングの模様や色のバリエーションが存在し、これが生存に有利に働いている可能性もあります。最後に、パルデラ近海では多くのギャラドスが見られるが、それが争いの絶えない魔境であるか特別な意味があるかは明確ではありません。このプレゼンテーションでは、ギャラドスとコイキングについて話されました。ギャラドスの存在や図鑑説明、ゲーム内でのスライドの違いなどが取り上げられました。また、コイキングが強くなる理由や、昔のポケモンの強さについても言及されました。さらに、ギャラドスの飛行能力や金塊についての話題もありました。最後に、質疑応答の時間が設けられ、次のプレゼンテーションの予告も行われました。,ポケモンの進化・生態,"['#コイキング', '#ギャラドス', '#ポケモン進化の謎', '#ポケモンと人間の共生']"
サンドイッチ爆発学番外編 「なぜ我々は高所から具材を落とすのか？」【リモポケ学会#mini1】,https://www.youtube.com/watch?v=t28BmPqdOgw,このプレゼンテーションでは、「ポケットモンスタースカーレットバイオレット」のミニゲーム「サンドウィッチ作り」について話されています。具体的には、高所から具材を落とすことで滑らかさや社交性が向上し、ポケモンの体力回復や特定の効果が得られる可能性があるという仮説が立てられています。また、ポケモンのゲーム内での料理の効果やパラメータについても説明されています。主人公の存在がポケモンたちに光を灯し、新たな可能性を広げていることや、ポケモン同士の社交性についても言及されました。最後には質疑応答が行われ、プレゼンテーションは終了しました。,その他,"['#ポケモンミニゲーム', '#ポケモン料理']"
ジムリーダーから考えるキャラクターコンテンツとしてのポケモン【リモポケ学会#7】,https://www.youtube.com/watch?v=JiAz2LRPl0Y,このプレゼンテーションでは、ポケモンシリーズにおけるトレーナーの変遷とジムリーダーのメディア展開について考察されました。ポケモンシリーズは幅広い世代に支持されており、特に最近ではトレーナーが注目されています。ジムリーダーはポケモンシリーズのキャラクターコンテンツとして非常に重要であり、成功していると言えます。ポケモン公式のキャラクター戦略やメディア露出がユーザーに与える影響も考察され、ジムリーダーの人気は世代ごとに分布しているが、第5世代と第8世代が特に人気であることが結論としてまとめられました。また、ジムリーダーの人気や影響力がポケモンのグッズ展開やイベントにも影響を与えていることが示されました。プレゼンテーションは予定が変更されて13時55分から開催されることになりました。,商品・経済,"['#ポケモングッズ', '#ジムリーダー', '#メディアミックス']"
ジムリーダーから考えるポケモンリーグ～組織と地域性～【リモポケ学会#6】,https://www.youtube.com/watch?v=z1SmXnawQLw,このプレゼンテーションでは、ポケモンリーグについての考察や問題点が取り上げられています。ポケモンリーグの存在意義や組織についての考察や、ジムリーダーの職業や選考方法、兼業リーダーの増加、ポケモンリーグの運営方法などが紹介されています。また、アローラ地方ではポケモンリーグが存在せず、ポケモンとの共存を重視していることが紹介されています。さらに、ジムリーダーやポケモンセンターの役割や関連性、ポケモンの世界における反社会的組織のリーダーの公務員就職についても話されました。次回のプレゼンでは、ポケモンの進化に関する調査結果が発表される予定です。,ポケモンというゲーム・その戦略,"['#ポケモン戦略', '#ジムリーダー', '#ポケモンリーグ']"
シンオウ地方の忘れられた神と宗教【リモポケ学会#2】,https://www.youtube.com/watch?v=pPD4ckuyh_M,このプレゼンテーションでは、ポケモンのシンオウ地方と伝説のポケモンであるアルセウスについて話されています。アルセウスは世界を生み出す力を持っており、シンオウ地方の人々や考古学者たちには知られていません。しかし、プラチナ版ではアルセウスを入手することができず、その存在についてはバグ技やゲーム内のイベントでのみ知ることができました。また、シンオウ地方の信仰や宗教的な要素も取り上げられ、ポケモンの世界の歴史や信仰の変遷についても説明されました。さらに、ポケモンの世界でのテンガン山という聖地やアルセウスの存在に関する議論も行われました。プレゼンターは、参加者の質問にも丁寧に答え、ポケモンの世界について興味深い情報を提供しました。,ポケモンの進化・生態,"['#伝説のポケモン', '#シンオウ地方', '#アルセウス', '#ポケモン宗教']"
シンプルな対戦システムながら奥が深いGOの対戦【リモポケ学会ex】,https://www.youtube.com/watch?v=W3eo8Ae3SkA,このプレゼンテーションでは、ポケモンGOの対戦システムやルールについて詳しく説明されています。対戦は他のプレイヤーやランダムな相手と行われ、6匹のポケモンを見せ合って3匹を選び、相手のポケモンを倒すことで勝利します。ポケモンの強さはCPという指標で表され、1500以下のポケモンのみが使用できます。プレゼンテーションでは、ポケモンの仕様やルール、画面の見方や技の使用方法、cpの計算式やシャドウポケモンの特徴なども説明されています。さらに、交代や特殊状態のルールやタイプ相性、車道ポケモンの特徴、勝敗のテクニックなども解説されています。対戦戦略についても詳しく説明され、相手のポケモンのタイプや技を考慮しながら有利なポケモンを出すことやスペシャルアタックのタイミングをうまく使うことが重要です。プレゼンテーションの目的は、ポケモンゴーのプレイヤーに対して有用な情報を提供することです。,ポケモンというゲーム・その戦略,"['#ポケモンGO', '#ポケモンGO対戦', '#バトル戦略', '#ポケモン対戦']"
スタートデッキ100の魅力 ~構築済みの新時代~【リモポケ学会#2】,https://www.youtube.com/watch?v=sqdhuPsQ0mM,このプレゼンテーションでは、ポケモンカードの世界で起こった革命的な出来事について説明されています。ポケモンカードゲームでは、デッキと呼ばれるカードの組み合わせで対戦しますが、デッキを作る作業や必要なカードを集めることが難しいという問題がありました。そこで、新たな挑戦として「100デッキ」という商品が登場しました。100デッキは、パックとデッキの融合であり、ランダムなカードで構成されています。これにより、手軽に遊べるデッキが提供され、新たな発見や楽しみが得られます。また、プレミアムトレーナーズボックスという商品も紹介され、本格的なデッキ対策ができるとされています。しかし、ポケモンが揃うことはないため、価格が高いという指摘もあります。最後に、スタートデッキ100という固定されたカードで構成されたデッキが紹介され、未知の体験やコレクション要素が楽しめると述べられています。このプレゼンテーションは、ポケモンカードゲームの新たな遊び方や商品について説明し、ポケモンカードプレイヤーにとって楽しい体験を提供することを目指しています。,商品・経済,['#ポケモンカードゲーム']
スバイレット増田　御意見無用【リモポケ学会#6】,https://www.youtube.com/watch?v=9GCqH2zD4gE,"このプレゼンテーションでは、ポケモンの新作ゲーム「スマイレッドマスター」についての調査結果が発表されます。増田純一氏についての説明や彼の関与するポケモンの制作についても触れられます。また、スマイレッドマスターの舞台であるパルデラ地方のモデルがスペインである可能性があり、増田純一氏がスペインを訪れたことが振り返られます。さらに、スマイレッドマスターのシナリオにおける学校の役割や、実際のスペインの学校での講演の経験なども紹介されます。最後に、PVで使用された吹奏楽曲「アルバマー序曲」についても言及され、学校を舞台にした演出を行っていることが示唆されます。

また、ポケモンの曲の演奏やアルバムの選曲について話されています。アルバムの序曲が選ばれた理由は、プレゼンターが高校時代吹奏楽部だったことや、増田部長の影響を受けていることが関係しているようです。さらに、ポケモンのゲーム内に登場する食事文化や料理についても触れられており、益田市がスペインの食事文化に触発されていることが紹介されています。さらに、スターモービルやトラック野郎についても言及されており、益田市の好きなデコトラやトラック野郎の要素がポケモンに取り入れられていることが示唆されています。最後に、ポケモンのポケモンに関する書籍やVジャンプの特徴についても触れられています。

さらに、ポケモンに関するさまざまな要素が紹介されました。幻のポケモンが登場するルポ漫画やスマイレッドブックについて言及されました。また、益田市と大森氏が関与している可能性があり、ヴァイオレットブックにも直接的な伏線があることが示唆されました。さらに、ポケモンの種類やデザインには益田市の体験や趣味が反映されている可能性があります。さらに、パルディア地方のモデルが神奈川県であることが示唆され、ポケモンの世界大会やWCSの開催地も関連していることが明らかにされました。最後に、増田ファクターやモチーフについての考察が行われ、益田市の関与が示唆されました。

また、ポケモンの開発スタッフの一人である早稲田純一氏の動向に注目されていることが紹介されました。彼はブログやSNSで積極的に情報発信を行っており、リモートポケモン学会でも名物プレゼンターとして活躍しています。さらに、質問や意見をYouTubeのコメントやTwitterのハッシュタグを通じて募集しており、積極的に参加者とのコミュニケーションを図っています。さらに、益田市についての質問があり、彼は益田市がポケモンの伏線を張っていることを理由に研究していると述べました。また、増田ファクターについても触れられ、彼の関与度については詳細はわからないものの、彼の名前はエンディングクレジットに載っている可能性があると述べました。さらに、クチバシティのトラックやスマイレッドのサンドイッチのデザインについても言及され、それぞれの要素には彼の関与がある可能性があるとされました。最後に、マスターファクターについても言及され、現時点で確認されているマツダファクターに加えて、今後も新たな要素が追加される可能性があると述べられました。

関東や神奈川に詳しくないため、エリア0の話には詳しく触れられていない。しかし、東戸塚がエリア0ではないかという意見があり、パワーワードの連続で面白かったという感想もあった。また、ミモザ先生の同僚のトレーナーについての質問があり、それに対しては稲永先生が詳しく答えられなかった。さらに、エリア0の東戸塚要素についての質問があり、増田の実家のポケモンの名前についての話が出た。最後に、パラドックスポケモンについてのコメントがあり、休憩後に名古屋藤吉さんのプレゼンが期待されている。

以上の要点をまとめると、このプレゼンテーションではポケモンの新作ゲーム「スマイレッドマスター」についての調査結果や増田純一氏の関与、スペインや学校の役割についての情報が紹介されました。また、ポケモンの曲やアルバム、食事文化、デコトラやトラック野郎の要素、ポケモンの種類やデザインに関する情報もありました。さらに、早稲田純一氏の動向や益田市の関与、マスターファクターについての考察も行われました。エリア0や東戸塚、ミモザ先生のトレーナーに関する質問やパラドックスポケモンについてのコメントもありました。",基本情報,"['#増田純一（ポケモンのクリエイター）', '#新作ポケモンのヒント', '#スマイレッドマスター', '#パルデラ地方', '#スペイン', '#早稲田純一', '#エリア0', '#東戸塚', '#ミモザ先生', '#パラドックスポケモン']"
ターンという概念の芽生え ～ルール追加による変遷～【リモポケ学会#3】,https://www.youtube.com/watch?v=Qo6ki8ehN2c,このプレゼンテーションでは、ポケモンの対戦における「ターン」という概念について詳しく説明されています。ターンはポケモンの行動や交代、技の選択などを含む基礎的な概念であり、第3世代から第4世代においても変化があることが取り上げられています。特殊なターン処理や技「猫騙」についても詳しく説明されています。また、連続技や特性についても説明され、連続技は一度しか出せず、次のターンは休む必要があるとされていますが、実際には毎ターン行動することができます。特性の一つであるスロースタートについても触れられ、その解除方法が説明されています。さらに、ダブルバトルやトリプルバトルではポケモンの数に応じて行動やターンの数も変わるため、それぞれのバトル形式に合わせた戦略が必要です。プレゼンテーションでは、ポケモンのバトルにおける戦略やテクニックについても詳しく説明され、参加者の質問にも丁寧に回答されています。また、新しい技やバトルシステムの実装についても話され、実現可能性や実用性、バランスの重要性が強調されています。最後に、特殊な戦術を楽しむための情報提供や交流の場を提供していることが強調されています。,ポケモンというゲーム・その戦略,"['#ポケモン戦略', '#バトル戦略', '#ターン制バトル', '#バトルシステム']"
テラスタルとポケモンの脳〜医学的検査にむけての考察〜【リモポケ学会#7】,https://www.youtube.com/watch?v=7Sqdi1uVibY,このプレゼンテーションでは、ポケモンの脳とテラスタルについての考察が行われました。ポケモンの頭についているテラスタルジュエルの位置やパターンについて説明され、頭が複数あるポケモンやパラドックスポケモンにも触れられました。また、ポケモンの遺伝情報や行動に関する連続性が示唆され、テラスタルとポケモンの脳の関係についての結論が述べられました。さらに、ポケモンの特徴や進化、擬態、脳の有無についても説明されました。最後には、テラサルを用いた早期診断や非侵襲的検査の可能性について言及されましたが、具体的な評価や解釈には課題があり、さらなる研究が必要とされました。質疑応答では、テラスタルに関する質問やポケモンの特徴についての議論が行われました。今後もテラサルジュエルに関する描写が増えることが期待されます。,技術・研究,"['#テラスタルジュエル', '#ポケモンの脳', '#ポケモン研究']"
トランセルとモルフォンを繋ぐ痕跡は初期ドットにあった!?【リモポケ学会#4】,https://www.youtube.com/watch?v=VomXARRySeA,このプレゼンテーションでは、ポケモンの「モルフォン」と「バタフリー」について話しています。モルフォンは最初はアオスジアゲハの姿でデザインされていたようで、その後バタフリーと入れ替わってしまったという噂があります。プレゼンテーションでは、モルフォンとバタフリーの関係やデザインの変遷について掘り下げていく必要があると述べられています。,基本情報,"['#ポケモンデザイン', '#ポケモンデザイン変遷']"
トレーナーが繰り出すポケモンに込められた意図の考察【リモポケ学会#1】,https://www.youtube.com/watch?v=qwk3WHN4S6o,このプレゼンテーションでは、ポケモンに関する様々な要素が取り上げられています。ポケモントレーナーの意図やポケモン同士の組み合わせの重要性、フォルムチェンジの潜在能力、そして特定のポケモンやキャラクターの役割や関連性について説明されています。また、ポケモンの現実世界への存在や対戦の可能性、ポケモンブラック・ホワイトの物語やキャラクターの紹介、ポケモンと人間の関係や幸せについても触れられています。プレゼンターは独自の視点でポケモンの要素を考察し、聴衆にも自分なりの考えを持ってもらいたいという意図が感じられます。,ポケモンというゲーム・その戦略,"['#ポケモントレーナー', '#ポケモン戦略', '#ポケモンと人間の関係']"
ニックネームのすゝめ【リモポケ学会#2】,https://www.youtube.com/watch?v=R5qhySnboUc,このプレゼンテーションでは、ポケモンのニックネームについて話がありました。ニックネームを付けることはポケモンに愛着を持つための方法の一つであり、いくつかの付け方が紹介されました。具体的には、種族名の一部を使ったり、地方にちなんだ名前を付けたり、他の作品のキャラクターの名前を使ったりする方法があります。ニックネームを付けることでポケモンとの関係が深まり、愛着を持つことができます。ただし、ニックネームを付けないことも問題ではなく、ポケモンに愛着を持つことは他の方法でもできます。ニックネームの付け方には、レッドメソッドや人名メソッド、姓名判断を使った方法があり、対戦に向けた情報としても有用です。ニックネームの付け方は個体名としての愛着を深めるために重要であり、ガセネタや都市伝説を基にしたニックネームの付け方もあることが述べられました。ポケモンのニックネーム付けはポケモンの気持ちを考えて行うことが重要であり、個々の好みやテーマに基づいて付けることができます。,ポケモンと人間,"['#ポケモンと人間の関係', '#ポケモンニックネーム']"
バタフリーとモルフォンは入れ替わったのか？【リモポケ学会#4】,https://www.youtube.com/watch?v=3VCHzUti5sw,このプレゼンテーションでは、ポケモンのバタフリーモルフォンとモルフォンについての入れ替わり説について説明されています。初代ポケモンのデザインや背景についての説明があり、その後、仮説が提示されます。また、キャタピー、トランセル、モルフォンについての特徴やデザインの変遷についても話されています。モルフォンの名前やデザインには「変身」という意味があり、進化する際にもダブルミーニングがある可能性が提案されています。さらに、アオスジアゲハの進化に関しても考察され、昆虫の大きさとジェンダー社会の関係についても言及されています。質疑応答の時間も設けられており、質問はTwitterなどで受け付けているようです。ただし、このプレゼンは仮説であるため、鵜呑みにすることはできないとされています。,ポケモンの進化・生態,"['#ポケモンの進化', '#ポケモン仮説', '#ポケモンデザイン変遷']"
パラドックスポケモンの正体に迫る！【リモポケ学会#6】,https://www.youtube.com/watch?v=PHFoZxek62U,"このプレゼンテーションでは、パラドックスポケモンについての謎に迫りました。パラドックスポケモンは最新作SVで登場し、現代のポケモンの特定種に酷似しています。進化前の姿については特殊進化とレベルアップで進化するポケモンが存在し、進化の意志や環境の違いが関係している可能性があります。また、進化後の姿の古代パラドックスは進化前の姿が確認されておらず、敵に狙われやすいため初めから進化後の姿で生まれてくる可能性があると考えられています。

ポケモンの進化に関しては、タイプ進化の石や特殊な磁場が関与しており、進化エネルギーの蓄積とは関係がないことが示されています。砂の毛皮の進化には時系エネルギーが必要であり、古代のポケモンは大型化し、未来のポケモンは機械化していることが指摘されています。現代のポケモンとパラドックスの関係についても説明され、生態系の違いが示唆されています。

バージョン違いについては、バイオレット時空とスカーレット時空が並行世界であり、異なるポケモンが存在することが説明されています。また、タイムマシンの実験によってパラドックスポケモンが過去に転移し、独自の生態系を作り出していることが述べられています。

さまざまな質問や考察が行われ、ポケモンの進化や繁殖方法、進化の石の作用、パラドックスポケモンの存在などについて話が進められました。また、ポケモンと人間の関係やポケモンの姿や特徴についても議論がありました。",ポケモンの進化・生態,"['#ポケモンの進化', '#パラドックスポケモン', '#ポケモン進化石', '#ポケモンと人間の関係']"
フランス語ポケモン名にみるポケモンの翻訳ー「世界共通名称」へのこだわりと固有の名前ー【リモポケ学会#7】,https://www.youtube.com/watch?v=CRLaEQ5wzAA,このプレゼンテーションでは、ポケモンの翻訳における世界共通名称と固有の名前のこだわりについて話されています。フランス語版では独自の名前が使われており、ポケモンの名前や技名には言語ごとの違いがあります。また、ポケモンの友達として扱われる表現やフランス語版の独自路線の役も存在します。ポケモンの名前や技名の違いは外国でプレイする際の楽しみの一つとなっており、フランス語版ポケモンは任天堂の世界戦略にも影響を与えています。このプレゼンテーションは、ポケモンに関する興味深い情報を提供し、参加者に楽しい時間を提供しました。,その他,"['#フランス語版ポケモン', '#ポケモン情報', '#ポケモン翻訳']"
ポケカを読む【リモポケ学会#3】,https://www.youtube.com/watch?v=rNT-BnXYqlI,このプレゼンテーションでは、ポケモンカードのフレーバーについて説明されています。フレーバーは余分な情報であり、ゲームのシステムやプレイ上の働きとは直接関係がありませんが、現実の概念と性能を結びつけることでカードの表現として成り立っています。フレーバーはポケモンカードの世界を深く理解するための重要な要素であり、ゲーム体験を豊かにするための情報です。また、プレゼンテーションではポケモンカードゲームのシステムや要素についても説明されており、山札やドローカードの意味、カードの名前や配置にも意味があることが示されています。さらに、lostゾーンやポケモンの強さに関する要素も取り上げられています。プレゼンテーションは興味深く、ポケモンカードゲームの魅力を伝える内容でした。,商品・経済,"['#ポケモンカードゲーム', '#ポケモンカードフレーバー']"
ポケモンWordle考察【リモポケ学会#5】,https://www.youtube.com/watch?v=aBC9v73ntLk,このプレゼンテーションでは、ポケモンワードというゲームについての考察が行われました。具体的な例を挙げながら、灰色や緑色、黄色の情報を活用することで候補を絞り込む方法が紹介されました。さらに、数学的な式を用いて、絞り込みの効果や確率についても説明されました。ポケモンワードの楽しさや戦略性についても触れられ、最終的には絞り込みの効果が高いポケモンが特定されました。また、ポケモンに関する統計的な先行研究やエンドレスモードの攻略手法についても説明されました。プレゼンテーションは時間勝負であり、計算や研究に基づいた情報が重要ですが、自分でやる際には勘も大切です。マスターワードの集め方やマスターカードのサイズについても触れられました。,技術・研究,"['#ポケモンワードル', '#ポケモン統計学', '#ポケモン研究']"
ポケモンアーケードの歴史と魅力【リモポケ学会#mini2】,https://www.youtube.com/watch?v=9yFYGibxO7w,"このプレゼンテーションでは、ポケモンアーケードの歴史と魅力について説明されました。ポケモンアーケードは、ポケモンのメダルやタグを入手してバトルやコレクションを楽しむトレーディングアーケードゲームです。歴史的には、ポケモンバトリオ、ポケモントレッタ、ポケモンガオーレと進化してきました。最新のポケモン目指しさでは、2台の画面が合体してタッグバトルが楽しめる特徴があります。また、排出方法も変化し、低コストでランダムな排出が実現されています。

ポケモンアーケードの魅力については、プラスなどの玩具を使ってポケモンをダイマックスや巨大マックスさせることができ、メモリータウンではデータを保存することができます。QRコードを読み込ませることで専用ページにアクセスし、キャラクターの着せ替えや記録の確認ができます。さらに、プレイヤーは好きなポケモンを自由に使うことができ、タッグバトルやトレーナーバトルなど特別な要素も楽しめます。イラストや楽曲、広告なども魅力の一つであり、イベントやオンライン店頭大会などを通じてさまざまな取り組みが行われています。ポケモンアーケードは進化を続けており、他の作品とは異なる独自のシステムを持っています。

ポケモンの楽しみ方や魅力についても紹介されました。ポケモンの楽曲やイベントなど、ゲーム内外での様々な魅力が伝えられました。参加者はポケモンメザスタの挨拶を行い、プレゼンテーションは終了しました。質問やコメントも受け付けられ、ポケモンセットやメガレックウザの紹介もありました。また、ポケモンのタグの数やお気に入りのイラストについても話されました。プレゼンテーションはポケモンの魅力や楽しみ方を伝える内容でした。

最後にはポケモンに関する楽曲やイベントの盛り上がりについて話されました。楽曲はカラオケにも入っており、アーケードやバトリアの曲もありますが、公式には上がっていないようです。ポケモンセンターやイベントの周辺が一番盛り上がっており、子供たちの声もTVで放送されています。イベントの影響も大きく、目指すものに煽りを受けていると感じています。最後には質疑応答が行われ、次のプレゼンテーションに移る前に休憩があります。

以上がこのプレゼンテーションの要点であり、ポケモンアーケードの歴史、魅力、楽しみ方、楽曲やイベントの盛り上がりについて紹介されました。",基本情報,"['#ポケモンの歴史', '#ポケモンの魅力', '#ポケモンアーケード', '#ポケモンイベント', '#ポケモンセンター']"
ポケモンカードコインの話―裏面の変遷と謎―【リモポケ学会#1】,https://www.youtube.com/watch?v=2-Bzx4zo2V8,"このプレゼンテーションでは、ポケモンカードのコインについての話がされています。プレゼンターはポケモンカードのコインを収集しており、特に珍しいコインを集めていると述べています。しかし、コインの情報が少なく、写真ではコインの種類が分からないことが難点だと話しています。また、コインの裏面についても話しており、初代のコインはラッキーが多く、最初のコインも最後のコインもラッキーであることに興味を持っています。

また、ポケモンカードゲームのコインについても説明されています。ポケモンカードゲームネオのコインでは、モンスターボールがモチーフとして使われていました。さらに、コインの種類や配布方法についても詳しく説明されました。初代のコインには前期と後期の2種類があり、後期では任天堂のロゴに変更があったことが紹介されました。現行のポケモンカードのコインについても説明され、登録商標マークの変更に触れられました。

さらに、ポケモンカードの商標とトレードマークについても説明されています。商標として登録されていないものにはマークをつけてはいけないということがあります。また、ポケモンカードのアジア展開に関連して、タイとインドネシアでの展開時に商標のマークが邪魔になった可能性があると仮説が立てられています。さらに、ポケモンカードのコインの表記変更やコインの種類についても説明されています。

プレゼンテーションの最後には、ポケモンカードの展開に関わった人物やポイントの配布についても言及されています。",商品・経済,"['#ポケモンカードゲーム', '#ポケモンカードコイン']"
ポケモンからトレーナーを読む～美しすぎるオクタンの後継者【リモポケ学会#4】,https://www.youtube.com/watch?v=iY35KneYBGc,このプレゼンテーションでは、ポケモンのトレーナーがポケモンを選ぶ際に思いや意図が込められていることが紹介されています。具体的には、ポケモンのタイプや特性を通じてトレーナーの考えや意図が表現されていることが説明されています。また、ポケモンの力を引き出す方法や効果的な戦術の組み合わせ方、プラズマ団やチャンピオンの役割、結びつきの重要性やポケモンの安心感を表すポケモンなど、ポケモンに関する様々な話題が取り上げられています。プレゼンテーションの目的は、ポケモンに関する興味深い話題を通じて聴衆を楽しませることです。,ポケモンというゲーム・その戦略,"['#ポケモン戦略', '#ゲーム戦略', '#トレーナーの選択']"
ポケモンが大好きなあなたにススメたいポケモンユナイト観戦の楽しみ方【リモポケ学会ex】,https://www.youtube.com/watch?v=5jxmGGACoyQ,このプレゼンテーションでは、ポケモンユナイトの観戦の楽しみ方やゲームの魅力について話されています。ポケモンユナイトは5対5のチーム戦略バトルゲームで、10分の制限時間内でポイントを獲得し、相手のゴールにボールを入れることで勝利を目指します。ポケモンの進化や成長、野生ポケモンの倒し方やレベルの面での有利さも重要です。プレゼンテーションでは、ポケモンユナイトの基本的なルールや戦略、ポケモンの特徴などをわかりやすく説明しています。また、ポケモンユナイトの魅力や楽しみ方についても触れられています。試合の流れや戦略、ポケモンの動きや進化形態、ユナイト技やラストスパート状態など、ゲームの要素や戦略についても詳しく解説されています。ポケモンユナイトの特徴や魅力、ポケモンの表現や動きの楽しみ方についても紹介されています。さらに、ポケモンのゲームの特徴やレンタルパーティの利便性、ポケモンチームの実力や海外との比較、試合の見どころや負けている側のアクションについても話されています。プレゼンテーションの目的は、ポケモンユナイトの魅力を伝えることであり、ポケモンファンにとって興味深いポイントを紹介しています。,ポケモンというゲーム・その戦略,"['#ポケモン戦略', '#ゲーム戦略', '#バトル戦略', '#ポケモンユナイト']"
ポケモンクイズは作りにくい！～エンターテインメントと演出における苦悩～【リモポケ学会#7】,https://www.youtube.com/watch?v=yNYfMPFnYWQ,このプレゼンテーションでは、ポケモンに関するクイズの作成について話されています。問題文が長くなりがちであることや、要素を入れ込むことで答えを絞ることができるが問題文が長くなること、さらに時期のトレンドやリメイク版の違いも考慮しなければならないことが難しさの一因とされています。また、エンターテイメント性を重視した問題文の作り方や、クイズの演出についても紹介されています。ポケモンクイズの作成には時間と工夫が必要であり、明確な答えを持つ問題を作るためには裏取りも必要です。さらに、クイズの順番や難易度にも工夫が必要であり、参加者や見学者が楽しめるレベルに達することが重要です。種族統一のバトルやテラスタルに乗ってのバトル環境も紹介され、多くの人が興味を持ってくれることを願っています。,ポケモンというゲーム・その戦略,"['#ポケモンクイズ', '#エンターテイメント', '#種族統一バトル']"
ポケモンで学ぶ 味覚と嗜好の科学【リモポケ学会#7】,https://www.youtube.com/watch?v=NNXndYF-4lM,このプレゼンテーションでは、ポケモンの世界での食の要素や味覚について学び、ポケモンのゲーム内での食事要素や味の好みについても言及されました。さらに、ポケモンの世界における食物と栄養素の関係性や、秘伝スパイスの味の相互作用、ポケモンの味覚についての調査結果、ポケモンの好みや禁忌の食材の存在についての考察、ポケモンの名前の翻訳についての考察、地域や文化による味の好みの違い、フランス語版ポケモン名の魅力と外国語でプレイする楽しさについて話されました。,その他,"['#ポケモン料理', '#フランス語版ポケモン', '#ポケモンの食事要素']"
ポケモンとグローバリズム【リモポケ学会#4】,https://www.youtube.com/watch?v=t1i6Tjy4A68,このプレゼンテーションでは、ポケモンとグローバリズムについて話されています。ポケモンの世界的なブランドであることや、グローバル市場で展開されていることが紹介されています。また、ポケモンの世界展開の歩みやグループビジョンを体現している取り組みについても説明されています。さらに、人種差別やローカライゼーションについても触れられ、ポケモンが世界に与える影響が説明されています。プレゼンテーションでは、ポケモンの変更点や歴史的背景についても説明され、将来的にはLGBT+のキャラクターの登場や異文化への配慮が期待されています。最後に、ポケモンを通じて現実世界と仮想世界をつなげ、グローバルなビジョンを実現する可能性があると述べられています。,ポケモン文化・社会,"['#ポケモンと現実世界', '#ポケモングローバリズム', '#ポケモンと社会問題']"
ポケモンのキャラクターデザインにおける色彩の変化について【リモポケ学会#6】,https://www.youtube.com/watch?v=cQv8KSR50_c,このプレゼンテーションでは、ポケモンのキャラクターデザインにおける色彩の変化について説明されています。プレゼンターはポケモンのエンジョイ勢であり、自身のキャラクターデザインにおける色彩の変化について発表します。プレゼンテーションの構成は、自己紹介、問題の所在、研究方法、研究の成果と考察、結論とまとめの順で進みます。問題の所在では、ポケモンのデザインの変化についてのツイートや意見が紹介され、その原因について考察されます。研究方法では、ポケモンの画像を使用して色のサイドを算出し、キャラクターデザインの変遷を分析します。最後に、プレゼンターの研究結果に基づいてポケモンのキャラクターデザインにおける色彩の変化について結論がまとめられます。また、PythonとOpenCVを使用してポケモンの画像解析を行い、ポケモンのタイプごとのサイド変化を比較しました。結果として、炎タイプは下がり、草タイプと水タイプは上がっている傾向が見られました。さらに、ポケモンのタイプ色の変化も調査し、炎タイプは変わらず、草水タイプは上昇していることがわかりました。これらの結果から、ポケモンのデザインの影響がある可能性が示唆されています。また、ポケモンのキャラクターデザインの変化には、親御さんが驚かないようにシンプルで複雑さを避けるという配慮や、時代やゲーム機の進化によるバランスの変化が関係していることも指摘されています。さらに、ゲーム機のハードの変化がポケモンのデザインに影響を与えている可能性も示唆されています。プレゼンテーションでは、他のデザインとの比較やゲーム機のハードの変化なども考慮しながら、ポケモンの色彩の変化について詳しく説明されました。また、質疑応答では、複数色の組み合わせや進化別の色彩変化についての研究の予定も話されました。プレゼンテーションでは、ポケモンに関するいくつかのテーマが取り上げられ、ポケモンの進化前後の比較や色合いの好み、個性の意識などが話題となりました。さらに、ポケモンの進化やデザインには、ユーザーの反応やポケモンの脱却が関係していることも述べられました。最後に、プレゼンテーションは質疑応答の時間を経て終了し、次のプレゼンテーションに移りました。次のプレゼンテーションでは、ポケモンと生物の比較について話される予定です。,技術・研究,"['#ポケモンデザイン', '#ポケモン研究', '#ポケモン色彩変化', '#ポケモン画像解析']"
ポケモンのたかさについて【リモポケ学会#1】,https://www.youtube.com/watch?v=tqo3NVpZaCo,このプレゼンテーションでは、ポケモンの高さやサイズについての話がされました。ポケモンの高さに関する情報は公式情報やデザイナーの意図、アニメや漫画などから得られるものであり、正確なサイズを測ることは難しいです。ポケモンのサイズ感を楽しむためには、ポケモン図鑑や公式イラストを参考にすることが一般的ですが、注意が必要です。また、ポケモンのフィギュアやグッズを使って実際にサイズ感を感じることも紹介されました。プレゼンテーションでは、ポケモンに関するさまざまな要素が話され、興味深い情報が提供されました。,基本情報,"['#ポケモン図鑑', '#ポケモンデザイン', '#ポケモンのサイズ', '#ポケモングッズ']"
ポケモンの失われた形態  メガヤンマはパラドックスポケモンであるか 【リモポケ学会#6】,https://www.youtube.com/watch?v=sOJOeMu81ro,このプレゼンテーションでは、人間とポケモンの共存について考えられています。人間はポケモンの力を借りて生きており、ポケモンは人間との友情や遊び、文明の恩恵を得ることができます。ポケモンは経験値を積んでレベルアップし、進化することで強くなります。人間がポケモンの可能性を引き出すことができるため、共存は重要です。また、ポケモンの進化や存在にはまだ解明されていない要素が多くあり、研究が進められています。,ポケモンと人間,"['#ポケモンと人間の関係', '#ポケモンの進化', '#ポケモン研究']"
ポケモンの進化に伴う文字数変化について【リモポケ学会#6】,https://www.youtube.com/watch?v=_tVpz0JNCFM,このプレゼンテーションでは、ポケモンの進化に伴う文字の変化や名前の特徴について説明されました。統計的なデータから、進化すると名前の文字数や濁音数が増える傾向があることが示されました。また、ポケモンの進化系統ごとに特徴的な文字や音が使われており、それによってポケモンの特色や雰囲気が表現されていることも分かりました。さらに、ポケモンの名前にはモチーフや意味合いと音のクオリア、見た目のクオリアが組み合わさって成り立っており、ポケモンの成長を感じることができる言葉の芸術であることが示されました。研究結果や意見の紹介、参加者との交流も行われ、ポケモンに関する興味深い情報が共有されました。,技術・研究,"['#ポケモン研究', '#ポケモンの進化', '#ポケモン名前の特徴']"
ポケモンの人物名モチーフにおける植物とその世代別傾向【リモポケ学会#1】,https://www.youtube.com/watch?v=KLrNwHXsn3Y,このプレゼンテーションでは、ポケモンの名前に関連する植物の由来や関連性について話されました。また、ポケモンの世代ごとにキャラクターの名前についても説明され、特に第5世代では関係のある名前が使われていることが特徴でした。さらに、プレゼンターは自身の活動やポケモンが彼の人生を変えたことについても説明しました。ポケモンのプレゼンテーションは、知識を楽しく学ぶことができるツールであり、仮想と技術を駆使して実現しています。,基本情報,"['#ポケモンの歴史', '#ポケモン図鑑', '#ポケモン名前の由来']"
ポケモンの微細構造について考える ～構造色から透明マントまで～【リモポケ学会#5】,https://www.youtube.com/watch?v=3CXxsk1XfKI,このプレゼンテーションでは、ポケモンの微細構造や特殊な能力についての考察が行われました。具体的には、ポケモンの図鑑説明文に書かれている特徴や生態について、実際の生物や物理現象との関連性が考えられました。また、ポケモンの色や透明化についても説明され、金属材料の反射スペクトルや鳳凰の羽の色、透明化の仕組みが紹介されました。さらに、新しいポケモンの予測や宝石ゾーンの虫についても言及されました。プレゼンテーションの目的は、ポケモンの微細構造に興味を引き、ポケモンの生態について深く考えるきっかけを与えることでした。ただし、内容は図鑑説明文を元にした妄想であり、正確さを求められる場合もあるため、専門家の方々には温かい目で見ていただくようにお願いしています。,ポケモンの進化・生態,"['#ポケモンの生態学', '#ポケモン図鑑', '#ポケモン微細構造']"
ポケモンの名言を深掘り！【リモポケ学会#3】,https://www.youtube.com/watch?v=0xae45K5E-I,このプレゼンテーションでは、ポケモンの名言についての考察が行われ、それぞれの言葉が人々に響く理由が探られました。具体的には、3つの名言を取り上げ、発言者の意図を読み解きながら分析されました。また、2人のトレーナーの発言を比較し、家庭や結果を重視するかどうかについて考察されました。結論として、どちらの意見も正しいとされました。さらに、プレゼンテーションではポケモンに関する興味深い話題が取り上げられ、グリーンの信頼や愛情の喪失、彼の心理状態の分析、ポケモンの名言の重要性が強調されました。プレゼンターはポケモンのセリフやトレーナーの考え方について話し、プレイヤーにとって特別な意味を持つこともあると述べました。最後に、トレーナーの人柄やセリフがゲームにおいて重要であるという考えが述べられました。,ポケモンに関する深い考察,"['#ポケモンの深層', '#ポケモン名言', '#キャラクター分析']"
ポケモンを実験体としたAIによる研究【リモポケ学会#1】,https://www.youtube.com/watch?v=bIW4tZpKmX8,このプレゼンテーションでは、ポケモンを実験体としたAIによる研究について話されています。AIを使用してポケモンの画像を加工し、デジタルなポケモンを水彩風に変換したり、ポケモンとデジモンのデザインを入れ替えたりする実験結果が紹介されています。また、ポケモンのタイプを変化させる実験やポケモンのコピーを作る実験も行われました。AIを活用することで、ポケモンの新たな可能性や魅力を引き出すことができることが示されています。さらに、AIによって作り出された究極のポケモンやポケモンのデザインやカードの作成についても紹介されており、AIの進化とポケモン研究の関係性について興味深い内容となっています。話者は自分の行動の重要性を強調し、ポケモンに関する情報を独自に追加しています。最終的な目標は、オリジナルポケモンのセットを高めることです。,技術・研究,"['#AIとポケモン', '#ポケモン研究', '#AIによるポケモンデザイン']"
ポケモン世界の異類婚姻譚【リモポケ学会#7】,https://www.youtube.com/watch?v=pXwd04Mrvzs,このプレゼンテーションでは、ポケモン世界における衣類婚姻譚について説明されています。衣類婚姻譚は、衣類が人間と結婚する物語を指し、ポケモン世界でも信用昔話やポケモンと人間の関係性についての話が存在しています。ポケモンの世界では多神教が広く浸透しており、ポケモンが神として崇められています。また、ポケモンと人間の関係性も衣類婚姻譚の構造に当てはまるものがあり、ポケモンは自然界の生き物として受け入れられています。ポケモンの世界では衣類婚姻譚が根付きやすい地域が存在し、ポケモンと人間の関係性においても衣類婚姻譚の要素が見られることが示されています。ポケモンと人間の関係性は私たちの世界と似ていますが、一部の構造が異なります。ポケモンと人間の結婚については詳細が不明ですが、ポケモンと人間は同じ社会で共に生きる仲間であり、ポケモンと人間の婚姻譚が明確に描かれることは難しいと考えられます。ポケモンの世界ではポケモンと人間の関係に配慮がなされており、ポケモンと人間の結婚も一部の国で禁止されている可能性があります。ポケモンと人間のコミュニケーションや関係性は言葉を使わずに行われることが多く、ポケモン同士の関係性にはタブーが存在しない可能性があります。ポケモンダンジョンの世界では、ポケモン同士の関係性がより重要になると考えられます。結婚についても、ポケモン同士の関係性や愛情によって成立する可能性があると言われています。,ポケモンと人間,"['#ポケモンと人間の関係', '#ポケモンと人間の結婚', '#ポケモンの神話', '#ポケモンの社会構造']"
ポケモン世界大会の魅力【リモポケ学会ex】,https://www.youtube.com/watch?v=tVhqzvP07Ro,このプレゼンテーションでは、過去のポケモンの大会で活躍した珍しいポケモンの例が紹介されました。また、会場の広さや演出のクオリティについても触れられ、参加者が海外のプレイヤーと直接交流できる国際交流の醍醐味も強調されました。さらに、海外で人気のあるポケモン構築の一つである「グラードン雑誌」についても言及されました。,ポケモン文化・社会,"['#ポケモン大会', '#ポケモン世界大会', '#ポケモン対戦']"
ポケモン前史 ポケモンはいかにして生まれたのか【リモポケ学会#5】,https://www.youtube.com/watch?v=OjRmUMF4-h8,"このプレゼンテーションでは、ポケモンの歴史と人気の理由について説明されています。ポケモンは1996年にゲームボーイ用ソフトとして発売され、世界中で大ヒットしました。ポケモンの制作には田尻諭、杉森賢志、増田純一の3人が関わっており、彼らの才能と情熱がポケモンの成功につながりました。ポケモンの人気の理由は、楽しいゲームプレイやキャラクター、交換やバトルなどの要素があることなどです。ポケモンは多くの人々にとって楽しい思い出や体験を提供しています。

また、ポケモンの開発に関する情報も提供されました。ポケモンの開発には、任天堂とエイプ、ゲームフリークの間で契約が結ばれ、1995年にポケモン赤緑が完成しました。開発が遅れた要因として、RPGのノウハウがなかったことやアイデアのまとまりがなかったことが挙げられます。ポケモンの開発には多くの困難がありましたが、スタッフの努力によりピンチを切り抜け、ポケモンの世界観や交換の動機づけを作り出すことに成功しました。

さらに、ポケモンの魅力についても説明されました。ポケモンは国道制度やジムバッジなどの要素が冒険の進行を感じさせ、ポケモンのデザインやニックネーム、鳴き声などが生き物らしさを表現しています。また、ポケモンの多様性や人間の敵ではなく味方となる存在としての定義も紹介されています。さらに、ミュウや通信対戦などの要素が追加され、現実世界と仮想世界が繋がる楽しみが生まれました。

プレゼンテーションでは、ポケモンに関する話題が取り上げられ、ポケモンの人気がどのように変わってきたのかを考察しました。田尻氏の最近の活動や杉森さんや石原さんの貢献も強調されました。プレゼンテーションは好評を得ており、聴衆から多くのコメントが寄せられました。

最後に、ポケモンに対するノスタルジアや愛着について話され、話の内容は子供から大人まで共感できるものでした。明日も同じ内容でプレゼンテーションが行われる予定であり、エンディングに移る前にオートの方で終わりたいとのことでした。",基本情報,"['#ポケモンの歴史', '#ポケモンの魅力', '#増田純一（ポケモンのクリエイター）', '#ポケモン開発']"
ポケモン対戦アクションの最高峰 WCSポッ拳部門で熱くなろう！【リモポケ学会ex】,https://www.youtube.com/watch?v=cHph0KuSL74,このプレゼンテーションでは、ポケモンに関するゲーム「ポッ拳」について詳しく説明されています。プレゼンターは、ゲームの背景やキャラクターの再現にこだわりがあり、ゲームの完成度の高さを強調しています。ゲームのシステムや要素についても詳しく説明されており、フィールドフェーズとデュエルフェーズの流れや攻撃の種類や相性の関係などが紹介されています。さらに、ポケモンの駆け引きや戦略の要素にも触れられています。プレゼンテーションは楽しく、ポケモンに関する情報を分かりやすく伝えています。また、ポケモンのゲームに興味がある人には、体験版のダウンロードやコミュニティイベントの参加を勧めています。さらに、ポケモンの特徴や戦略についても説明され、ポケモンに関する情報収集のためのウェブサイトやイベントも紹介されています。最後に、関東トーナメントの開催が告知されました。このプレゼンテーションを通じて、ポッ拳の魅力や楽しさが伝えられています。,ポケモンというゲーム・その戦略,"['#ポケモン戦略', '#ゲーム戦略', '#ポケモン対戦', '#ポッ拳']"
ポケモン対戦動画を機械学習で解析する【リモポケ学会#mini2】,https://www.youtube.com/watch?v=RPjcT_GfoZs,このプレゼンテーションでは、ポケモンの対戦動画を解析するアプリケーション「ポケモンバトルロガー」について紹介されています。対戦の理論的な解析が難しいポケモンの対戦を楽しむために、機械学習を用いて最適な戦略を見つけるための努力が行われています。具体的には、動画解析バッチを使って対戦の統計情報を取り出し、それを集計して表示するWebアプリケーションが開発されました。また、ポケモンの名前や技を読み取るためにOCR技術が使用されており、得られたデータを分析して勝敗率やポケモンの遭遇率などを比較することも可能です。さらに、今後は技の読み取りや似た試合の検索など、さらなる機能の追加が予定されています。,技術・研究,"['#ポケモン戦略', '#ゲーム戦略', '#バトル戦略', '#ポケモン対戦', '#AIとポケモン', '#ポケモン統計学']"
ポケモン物理数学 〜ポケモンが世界に及ぼす異常性〜【リモポケ学会#3】,https://www.youtube.com/watch?v=H_o7u1t9Hzg,このプレゼンテーションでは、ポケモンに関する物理シミュレーションを用いた面白い現象が紹介されました。プレゼンターは自己紹介をし、ポケモンの知識やゲームの経験について話しました。具体的な例としてマグカルゴやジェットキー、ジラーチの特徴が取り上げられ、それぞれの特性や能力について数式やシミュレーションを用いて解説されました。さらに、ポケモンの音の大きさやエネルギー、進化による変化についても説明されました。プレゼンテーションは興味深く、ポケモンの世界について新たな知識を得ることができました。また、ポケモンに関するシミュレーションや計算を行うためのソフトウェアやプログラミング言語の使用方法も紹介されました。さらに、専門的な知識を活用することで特定の地域の生物の発達状況を調べることができるという話もありました。プレゼンテーションは質疑応答の時間もありましたが、交通の都合で終了しました。最後に、ブラッキィさんに感謝の意が表されました。,技術・研究,"['#ポケモン物理数学', '#ポケモン研究', '#ポケモンのエネルギー']"
ポケモン物理数学〜Ⅰ 風といっしょに Ⅱ 強肉弱食こそ理〜【リモポケ学会#7】,https://www.youtube.com/watch?v=xuLByIymaXo,このプレゼンテーションでは、ポケモンに関する物理数学と教育学について話されました。プレゼンターのブラッキーさんは自己紹介をし、ポケモンについての思いや好きなポケモンについて話しました。ポケモンの世界で風と一緒に歩くことができるポケモン「ワタコ」について紹介されましたが、実際には風の力だけでは世界中を旅することはできないことが分かりました。また、強さに関わらず自分の好きなポケモンで勝つことが大切だというメッセージも伝えられました。強いポケモンと弱いポケモンの定義についても考察され、弱そうなポケモンでも実は強い能力を持っていることが示されました。特にヨワシについては、魚群を作ることで強力な姿に変化し、雷と同じくらいのエネルギーを生じることが計算されました。しかし、魚群にはいくつかの問題があり、それについても考察されました。質疑応答では、ポケモンの物理的な要素やエネルギーについての考察が行われ、次回のプレゼンテーションではポケモンクイズに特化した楽しい問題が紹介される予定です。,技術・研究,"['#ポケモン物理数学', '#ポケモンのエネルギー']"
ポケモン物理数学〜Ⅰ.お金の使い方　Ⅱ.ポケカ必勝法〜【リモポケ学会#5】,https://www.youtube.com/watch?v=l-hp3eDogXI,このプレゼンテーションでは、ポケモンの物理数学とお金の使い方について説明されています。具体的には、ポケモンのアイテムの価格や利益について紹介され、整数計画法を用いて効率的な購入方法が示されました。また、ポケモンの回復アイテムの購入傾向の問題点やポケモンカードゲームにおける必勝法についても取り上げられています。さらに、コイントスの結果を予測する方法やポケモンカードの勝利のための重要な要素についても議論されました。プレゼンテーションの最後には、次のプレゼンの予告も行われました。ポケモンの対戦においては、パーティー構成の考え方が重要であり、異なる視点でのアプローチが紹介されました。,技術・研究,"['#ポケモン物理数学', '#ポケモン戦略', '#ポケモンカードゲーム']"
ポケモン物理数学〜宇宙とは何処か？サーナイト・ウルトラワープライド仮説の提唱〜【リモポケ学会#6】,https://www.youtube.com/watch?v=tdwz7AoXaFg,このプレゼンテーションでは、ポケモンの物理数学や宇宙に関する話題が取り上げられています。ブラッキーさんがウルトラワープライド仮説を提唱し、その原理について説明しています。また、ポケモンの中でもサーナイトがブラックホールを作り出せる能力を持っていることや、ブラックホールの物理学についても解説されています。さらに、シュワルツシルト半径や重力の概念についても触れられています。プレゼンテーションでは、ブラックホールとウルトラワープライドについて詳しく説明されています。また、ウルトラワープに関してはワームホール理論が考案され、ウルトラホールとも関連していることが説明されています。ただし、ワームホールの存在や通過の可否には疑問があります。最後には、ウルトラホールがブラックホールの性質を持つ可能性があり、異世界への到着については現代の科学では解析できないとされています。ただし、このプレゼンテーションはエンターテイメントであり、科学的根拠はないことを強調しています。全体として、ポケモンと宇宙の関係について興味深いプレゼンテーションでした。また、ポケモンの世界と宇宙の関係について考察し、パラレルワールドやマルチバースの概念を取り入れながら、ポケモンが存在する宇宙と存在しない宇宙の可能性を探っています。ウルトラホールやブラックホールを通ることで時間や記憶がどのように影響を受けるのかについても考えています。ただし、これらの仮説や理論は科学的な根拠がないため、エンターテイメントとして楽しんでいただければという趣旨です。最後には、次のプレゼンテーションの説明が行われ、その人物がポケモン界隈に大きな影響を与えたことが紹介されます。このプレゼンテーションを通じて、その人物を理解する一端を得ることが目的です。,技術・研究,"['#ポケモン物理数学', '#ウルトラワープライド仮説', '#ポケモン世界観']"
ポケモン物理数学～アイアンとクイタランの捕食・被食関係～【リモポケ学会#2】,https://www.youtube.com/watch?v=mxfyjH3oWSA,このプレゼンテーションでは、ポケモンの物理数学や生物サイクルについて説明されています。船型と非線形の概念を用いてポケモンのモデリングが行われ、非線形方程式の扱いに焦点が当てられました。さらに、ポケモンのタイプ相性や捕食関係、修正ロトカヴォルテラモデルなども説明されました。モデルを用いたシミュレーション結果から、ポケモンの数は一方が絶滅しない限り、自然なサイクルを繰り返すことがわかりました。また、ポケモンの世界を例に取りながら、生物のサイクルや捕食関係について説明され、人間の行動がポケモンのサイクルに影響を与えることや、生物のバランスが崩れると絶滅の可能性があることが示されました。最後に、ポケモンに関する物理数学と食物連鎖の関係について説明され、学んだ知識が実生活に役立つ可能性があることが強調されました。,技術・研究,"['#ポケモン物理数学', '#ポケモンの生態学', '#ポケモンと人間の関係']"
ポニータ石井から見るポケモンカードプロモーション近代史【リモポケ学会#5】,https://www.youtube.com/watch?v=-eXsZ24oTTI,このプレゼンテーションでは、ポケモンカードチャンネルとポニータ石井の活動について話されています。ポケモンカードチャンネルは公式チャンネルで、最新情報や対戦動画、商品紹介、公式大会の配信など幅広いコンテンツを提供しています。ポニータ石井はポケカの伝道師として活動し、ポケモンカードチャンネルを支え、ポケカの普及に貢献してきました。ポニータ石井Cはポケモンのルールソングを歌い続けており、ポケモン公式のチャンネルで最も長く活動しています。彼の動画には独特のユーモアやセンスがあり、初期メンバーの孤独感も魅力の一つとして取り上げられています。ポニータ石井の活動や成長、海外での人気、イベントの紹介などがプレゼンテーションの要点として紹介されました。ポケモンカードチャンネルはポケカ界において重要な存在であり、ポケモンカードの情報を発信するためにYouTubeを活用しています。ポニータ石井の動画は初心者にもおすすめであり、ポケカ女子育成委員会などの動画が特に人気です。彼の活動はポケモンカードの発展に貢献しており、ポケカ界における重要な存在となっています。また、プレゼンテーションではポニータについての話題やポケモンカードチャンネルの人気、二次創作文化についても触れられました。,商品・経済,"['#ポケモンカードゲーム', '#ポケモンイベント', '#ポケモンカードチャンネル', '#ポニータ石井']"
マスダアワードを振り返る【リモポケ学会#5】,https://www.youtube.com/watch?v=0a1dDsPtidA,このプレゼンテーションは、ポケモンのファンイベント「増田ワード」についての振り返りであり、増田純一氏についての説明から始まります。増田ワードの歴史や内容、参加者のコメントなどが紹介され、イベントの画像や様子も紹介されます。プレゼンテーションの目的は、増田ワードの魅力や楽しさを伝えることです。また、ポケモン関係者の興味深い一面やポケモンに関するエピソードや写真も紹介されます。さらに、2015年から2017年までのポケモンに関する出来事や情報が紹介され、ポケモンに関するさまざまな話題が取り上げられます。最後には、2023年には3DSのダウンロード専用ソフトが購入できなくなることが発表され、質疑応答では海外でのポケモンの人気や画像の使用についても話し合われます。,ポケモン文化・社会,"['#増田純一（ポケモンのクリエイター）', '#ポケモンイベント', '#増田ワード', '#ポケモン情報']"
むしタイプの特異性【リモポケ学会#5】,https://www.youtube.com/watch?v=QiljgtSgfiA,このプレゼンテーションでは、虫タイプのポケモンに焦点を当て、その特異性や分類について説明されました。虫タイプは生物学的な分類に基づいており、ほぼ全てが虫のモチーフを持っています。他のタイプやグループと比べても、虫タイプの特徴や分類は一致していることが多いですが、最近のポケモンでは例外も増えており、タイプの法則も変化してきています。また、伝説のポケモンや虫タイプの変遷についても話され、第9世代の変化も期待されています。さらに、ポケモンのデザインの変化や新しいタイプの提案についても考えられ、次のプレゼンテーションではパラス族に焦点を当てた内容が期待されました。,ポケモンの進化・生態,"['#虫タイプポケモン', '#ポケモンの進化', '#伝説のポケモン', '#ポケモンデザイン']"
ヤルカ！ポケカ【リモポケ学会#5】,https://www.youtube.com/watch?v=DaP8DB3q7mw,"ポケモンに関するプレゼンテーションの要点をまとめると、以下のようになります。

ポケモンは、1996年にゲームとして初めて発売され、その後アニメやトレーディングカードゲームなどのメディア展開も行われてきました。ポケモンは、架空の生物であるポケモンを捕まえて育て、トレーナー同士がバトルを行うというコンセプトで人気を集めています。

ポケモンの特徴的な要素として、ポケモンの種類が800種類以上存在し、それぞれが異なる特性や技を持っています。また、ポケモンは進化することができ、進化することでより強力な姿や能力を得ることができます。

ポケモンは、子供から大人まで幅広い層に人気があります。その理由として、ポケモンは可愛らしいデザインやキャラクター性があり、また、ゲームの進行やバトルの戦略性も楽しめるという点が挙げられます。

ポケモンは、単なるゲームやエンターテイメントだけでなく、教育的な要素も持っています。ポケモンを通じて、子供たちは友情や努力、チームワークなどの価値観を学ぶことができます。

ポケモンは、世界中で大きな社会現象となっており、様々なイベントや大会も開催されています。また、ポケモンは地域活性化や観光振興にも貢献しており、地域との連携も重要な要素となっています。

以上のように、ポケモンは多くの人々に愛されるゲームであり、その魅力は単なるエンターテイメントにとどまらず、教育や社会貢献にも繋がっています。",基本情報,"['#ポケモンの歴史', '#ポケモン図鑑', '#ポケモンの特性', '#ポケモンデザイン']"
リージョンフォームを生物マニアが曲解してみる&amp;リージョンフォームを実在生物で探してみよう【リモポケ学会#2】,https://www.youtube.com/watch?v=R2ikJnHC_80,このプレゼンテーションでは、ポケモンのリージョンフォームとリージョンホーム、進化、性的二型について解説されています。リージョンフォームは同じ種族内で姿が異なるポケモンであり、環境によって決まるもので遺伝ではなく、元に戻ることはありません。また、地理的な隔離や環境の類似性によっても生じることがあります。リージョンホームはポケモンの姿や性質が環境要因によって決まる地域のことで、具体的な例も紹介されました。進化やリージョンホームによってポケモンの姿が変わることや、実在生物との比較を通じてポケモンの面白さを理解することが目的でした。また、性的二型についても説明があり、オスとメスのポケモンの外見や色が異なることが指されました。プレゼンテーションの最後には質問が示唆されましたが、時間の都合で切り上げられました。,ポケモンの進化・生態,"['#リージョンフォーム', '#リージョンホーム', '#ポケモンの進化', '#ポケモンの生態学']"
リモート&#39;2まいがいポケモン&#39;学会【リモポケ学会#6】,https://www.youtube.com/watch?v=ppXO8gJf7es,このプレゼンテーションでは、ポケモンのシェルダーについての考察やポケモンのデザインに関する話題が取り上げられました。シェルダーが二枚貝なのかどうかについての議論や、ポケモンの毒についての説明、ポケモンのデザインにおける生物学的な要素の取り入れ方などが話されました。また、ポケモンに興味を持つ人には本を読むことや実際に観察することが大切であると言及されました。質疑応答の時間では、参加者からの質問にも答えられました。全体として、ポケモンに関する興味深い話が展開されました。,技術・研究,"['#ポケモンデザイン', '#ポケモンの生態学', '#ポケモン学会']"
確率・統計でキンセツゲームコーナーを徹底分析 ～最適な立ち回りを検証～【リモポケ学会#4】,https://www.youtube.com/watch?v=ZvCTfQEbJG0,このプレゼンテーションでは、ポケモンのゲームコーナーについての分析が行われました。ゲームコーナーではポケモンや道具をコインで交換することができ、スロットマシンの攻略方法や出玉率も検証されました。さらに、期待値を用いてギャンブルを評価する方法も紹介されました。具体的な検証にはポケットモンスターエメラルドのromデータやエミュレーターが使用され、ルーレットやスロットの効率的な立ち回り方や利益を評価する方法が計算されました。また、コイン増加方法やスロットの遊び方、あたり台の特徴についても説明され、スロットマシンに関する検証結果も述べられました。さらに、ポケモンのゲーム内での理論値と実装値の差についても話し合われました。プレゼンテーションの終了後には座談会が行われ、コメントが拾われる予定です。,技術・研究,"['#ポケモン物理数学', '#ポケモン統計学', '#ゲームコーナー', '#期待値']"
寄生？共生？パラス族とキノコ【リモポケ学会#5】,https://www.youtube.com/watch?v=acVJTe5Azk4,このプレゼンテーションでは、ポケモンのキノコに関する情報が紹介されました。パラスの背中に生えているキノコについての議論や、キノコと虫の関係性についての説明がありました。さらに、ポケモンのキノコの種類や形態、パラスとキノコの関係についても詳しく解説されました。また、キノコポケモンの分布や生態、進化や繁殖に関する質問にも回答がありました。このプレゼンテーションは、ポケモンのキノコに関する興味深い情報を提供し、キノコの形態や生態について理解を深めることができる内容でした。また、将来のポケモン作品で新しいキノコモチーフのポケモンが登場する可能性も示唆されました。,ポケモンの進化・生態,"['#ポケモンの生態学', '#ポケモンの進化', '#キノコポケモン']"
剣盾ダブルとWCSの魅力【リモポケ学会ex】,https://www.youtube.com/watch?v=yPwkO-y0rdQ,このプレゼンテーションでは、ポケモンのダブルバトルの魅力やポケモンの大会であるwcsの魅力が紹介されています。ダブルバトルでは、複数のポケモンを使って戦うことで、コンボや全体攻撃技などの戦術が可能になります。また、選択肢の多さや読み合い心理戦など、駆け引きの要素も楽しめます。パーティ構築による自己表現や珍しいポケモンの活躍も魅力の一つです。wcsでは、世界一を決める大会の盛り上がりや環境上でのポケモンの発掘などが楽しめます。参加者は楽しめる夢の舞台であり、世界大会に参加するための大きな理由となっています。会場は広く、演出やデザインもハイクオリティで、上位入賞者には賞金や副賞が与えられます。海外勢との国際交流もあり、英語が苦手でもコミュニケーションが取れます。試合観戦も面白く、生で見ることで熱気や盛り上がりを感じることができます。サブイベントや物販もあり、有名人とも会えるチャンスもあります。ルールや環境についての予備知識も提供されます。プレゼンテーションでは、ポケモンに関する情報が紹介されています。イベルタルや伝説ポケモン同士のバトル、美容3という形式のバトルについても説明されています。世界チャンピオンや注目のトレーナーたちも紹介されています。ポケモンに興味がある人にとって役立つ情報が詰まっています。発表者は、参加者に感謝の意を述べ、ポケモンの世界大会について話し、ダブルバトルとシングルバトルの違いや特定のポケモンの評価について説明しました。サイドチェンジや構築の作り方についても触れました。最後に、ポケモンのルールやバトルの楽しみ方について話し、参加者の質問にも答えました。構築や対戦の戦略についても話されており、初見殺し要素や汎用性、立ち回りやすさの重要性が強調されています。対戦相手の情報については、大まかな情報は公開されており、お互いがそれを把握した上で対戦する形式になっています。大会に参加する選手は体調管理や準備にも気を配る必要があります。プレゼンテーションの中でブログやTwitterの紹介もあり、参加者にフォローや応援を呼びかけています。,ポケモンというゲーム・その戦略,"['#ダブルバトル', '#WCS（ポケモン世界大会）', '#バトル戦略', '#ポケモン大会']"
幻のポケモンゲーム「ポケモン×〇〇を想像してみた！【リモポケ学会#1】,https://www.youtube.com/watch?v=ud1nJxgIOlE,このプレゼンテーションでは、ポケモンとファイアーエムブレムのコラボについて話されています。両者の共通点や違いを考えながら、もしも両者がコラボしたらどんなストーリーになるのかを想像しています。また、ポケモンの他のコラボ作品やポケモンの世界観についても触れられています。具体的には、ゲームのあらすじとゲームシステムについて説明されています。ストーリーは、特殊な力を持つ青年が革命軍と貴族連合軍の戦いに巻き込まれるというもので、ゲームシステムでは戦場がマス目状になっており、キャラクターを選んで移動させ、敵に接近して攻撃することができます。また、ポケモンと武器のどちらで戦うかを選ぶこともできます。プレゼンテーションでは、これらの要素やポケモンの独自の要素、キャラクターの先祖の登場などが紹介されています。また、ポケモンの世界やストーリーについての考察や、他のゲームやブランドとのコラボについての情報も話されています。プレゼンテーションは短めでしたが、ポケモンに興味のある方にとっては興味深い内容でした。,ポケモンに関する深い考察,"['#ポケモンの世界観', '#ポケモンコラボ']"
現実世界と仮想世界を繋ぐポケモンの未来【リモポケ学会#1】,https://www.youtube.com/watch?v=L85D1VMPAc0,"このプレゼンテーションでは、ポケモンの現実世界と仮想世界をつなぐ要素について説明されています。ポケモンは収集育成や交換対戦といった普遍的な仕組みがあり、これが人気の一因とされています。また、ポケモンは現実世界との関係性を通じて愛着や魅力を感じることができ、現実世界での体験や交流を促すコミュニケーションツールとして機能しています。さらに、ポケモンゴーなどのコンテンツやイベントも現実世界と仮想世界をつなぐ役割を果たしており、ポケモンが現実世界と仮想世界を豊かにする存在となっています。

また、プレゼンテーションでは、ポケモンと仮想世界の関係が今後大きく変化する可能性があることが述べられています。仮想世界の発展により、ポケモンコンテンツも大きく変わる可能性があります。さらに、仮想世界と現実世界の境界線がなくなり、ポケモンが現実に存在するような体験が実現するかもしれません。新しいポケモンの体験やイベントも期待されています。

プレゼンテーションでは、ポケモンのゲーム体験にはリアルなイベントや映画との関連性があり、プレイヤーにとって思い出深いものとなっています。特に過去作のポケモンを活用する仕組みやユニークな要素が話題となっています。具体的なエピソードや個人の思い入れも紹介されており、ポケモンの体験や楽しさを伝えるための要素も含まれています。

このプレゼンテーションを通じて、ポケモンが現実世界と仮想世界をつなぐ要素や関係性、そして今後のポケモンの可能性について理解することができます。",ポケモン文化・社会,"['#ポケモンと現実世界', '#ポケモンと仮想世界', '#ポケモンの未来']"
黒いリザードンの歴史【リモポケ学会#2】,https://www.youtube.com/watch?v=bt7xxu6Gv_A,このプレゼンテーションでは、色違いのポケモンである黒いリザードンについて詳しく説明されています。黒いリザードンの登場シリーズや変化、生まれた経緯やデザインの意図について推測されています。さらに、リザードンの歴史や色違いの個体差、魅力やニックネームによる色変化についても触れられています。プレゼンテーションでは、ポケモンの魅力や連動の楽しさ、カレーペーションについても話され、参加者にポケモンの魅力を伝えることを目的としています。,ポケモンの進化・生態,"['#色違いポケモン', '#リザードン', '#ポケモンの魅力']"
今日から使える撮影知識～New ポケモンスナップやりこみのススメ～【リモポケ学会#2】,https://www.youtube.com/watch?v=h2U_2HysruQ,"このプレゼンテーションでは、ポケモンスナップというゲームについて説明されています。ポケモンスナップは、ポケモンの写真を撮影するカメラアクションゲームであり、任天堂スイッチの高解像度やSNS連携機能を活用して写真を共有することができます。写真の評価システムが体系化されており、高評価の写真を集めることが難しいため、このプレゼンテーションでは評価システムと撮影技術について解説されています。ポーズやポケモンのアクションによって写真の評価が変動するため、最適なタイミングを知ることが重要です。

ポケモンの写真撮影におけるポイントの要素が説明されています。大きさ、向き、位置、他のポケモンとの関係性、風景展オブジェクトの撮影などが重要です。特殊な技術やアイテムも紹介されています。これらの要素を理解し、意識して写真を撮ることで高得点の写真を撮ることができます。

ポケモンスナップに関する様々なテクニックや要素が紹介されました。ボタン操作やカメラのコントロールを使いこなすことで、ポケモンの撮影タイミングや写真のクオリティを調整することができます。ネオン号の特徴やドリフトと呼ばれるテクニックも紹介されました。ハイスコアやRTAの記録を競う要素や、ゲーム内外での写真の評価や共有の方法も紹介されました。

ポケモンの項目の点数計算方法について説明されています。撮影対象と関係のあるポケモンと関係のないポケモンが同時に写っている場合、それぞれのポケモンに対して計算式が適用されます。関係のあるポケモンは左の計算式で、関係のないポケモンは右の計算式で計算されます。初心者が高得点を狙うためのオススメのポケモンや撮影のコツも教えられています。ポケモンスナップの楽しみ方やポケモンとの関係性についても触れられています。

ポケモンスナップについて話されています。写真のロード基準やポケモンの敵意など、ゲームの特徴や面白さについて言及されています。また、写真の活用方法やゲームの楽しさについても触れられています。",その他,"['#ポケモンスナップ', '#ポケモンスナップ撮影テクニック', '#ポケモンと人間の関係']"
私たちの居場所　令和トリプル【リモポケ学会#4】,https://www.youtube.com/watch?v=fFjNGpSzFUw,このプレゼンテーションでは、トリプルバトルというポケモンの対戦ルールについて説明されています。トリプルバトルはポケモンを3体使って戦うルールであり、他のバトルルールとは異なる特徴があります。人気も再燃しており、その人口の推移も示されています。プレゼンターは自身もトリプルバトルを楽しんでおり、負けた場合の対処法やバトルビデオの活用方法についても紹介しています。さらに、トリプルバトルを「サードプレイス」と位置付け、オープンでインフォーマルな空間として楽しむことができると述べています。トリプルバトルの魅力や長期にわたって続く理由についても言及されています。トリプルバトルでは所属と愛の欲求、承認の欲求、自己実現欲求という3つの欲求に応える土壌があるとされています。仲間集団に入りたいという気持ちや他の人とのコミュニケーションを楽しむことができます。また、自分の行動に対する他の人からの反応やコミュニケーションも楽しめます。さらに、自己実現欲求では自分の好みやテーマに基づいてパーティーを組むことや独自の戦略を考えることができます。トリプルバトルではさまざまなパーティーが存在し、個性を出すことができます。また、トリプルバトルでは真剣勝負やコンセプトパーティー、芸術的なパーティーなど様々なスタイルがあります。さらに、Twitterやトリプルボトル総合情報サイト、YouTubeなどのサービスやサイトを活用することで情報収集や対戦の参考にすることができます。プレゼンテーションでは、トリプルバトルに関する情報が紹介されています。毛玉メモチャンネルやパテックさんのチャンネルがトリプルバトルについての理解を深めるための参考になると紹介されています。また、他にもトリプルバトルの動画を投稿している方が増えており、お気に入りの投稿者を見つけることができると述べられています。プレゼンテーションの終わりには、発表に協力してくれた皆様への感謝の気持ちが述べられています。質疑応答では、トリプルバトルについての質問が受け付けられています。プレゼンテーションでは、ポケモンに関する話題が取り上げられています。トリプルバトルやトリプルレートの復活についての意見や、レーティングシステムの導入についての議論が行われました。また、プリプリのコミュニティの成長や、パティ謹啓の特性の話題もありました。参加者は、ポケモンの魅力や楽しさについて話し合い、意見を交換しました。,ポケモンというゲーム・その戦略,"['#トリプルバトル', '#バトル戦略', '#ポケモン対戦', '#ポケモン情報収集']"
星座とポケモン【リモポケ学会#4】,https://www.youtube.com/watch?v=c8eUW51U_c8,このプレゼンテーションでは、ポケモンと星座の関係について説明されています。ポケモンのゲームや作品には星座に関連するポケモンが登場し、それらのポケモンについて紹介されています。また、ポケモンの世界と現実の世界での星座の扱い方やポケモンのゲーム本編での星座の登場場面についても触れられています。さらに、ポケモンのキャラクターと星座の関連性についても言及され、ポケモンのデザインや特徴がそれぞれの星座と関連していることが紹介されています。最後には、ポケモンのゲームや作品における星座に関連するポケモンの紹介が行われ、質疑応答の時間も設けられています。,基本情報,"['#星座とポケモン', '#ポケモンデザイン', '#ポケモンと現実世界']"
増田と「伏線」【リモポケ学会#4】,https://www.youtube.com/watch?v=gLhgQY3wLr0,このプレゼンテーションでは、ポケモンの制作者である増田順一氏と桝田氏がSNSで発信している伏線について説明しています。増田氏のツイートや行動には新作ポケモンの伏線が多く見られ、開発者の行動やツイートを追うことでポケモンの世界をより深く楽しむことができます。増田氏が過去のツイートやイベント写真から伏線を見つけ、ポケモンの新作ゲームやコンテンツの発表と関連付けて考察しています。また、ポケモンの開発者が伏線を使って情報を発信しており、増田氏のツイートや行動には意味深な要素があり、それがポケモンの新作につながる可能性があるとされています。さらに、ポケモンの開発者が伏線を出し続けていることが指摘され、その意図やメッセージについて考察されました。増田部長のメディア活動や展覧会についても言及され、質疑応答の時間も設けられていました。,商品・経済,"['#増田純一（ポケモンのクリエイター）', '#新作ポケモンのヒント', '#増田の伏線']"
第1回ポケモン六物語,https://www.youtube.com/watch?v=NeB5fxD0oXs,このプレゼンテーションでは、6人のポケモンファンがポケモンのタイプについて話し合いました。ポケモンのタイプには様々な色が関連しており、デザインや特徴もタイプに関連しています。また、リージョンフォームやポケモンカードのタイプの色使いについても触れられ、興味深い情報が提供されました。さらに、悪タイプや複合タイプ、開くタイプについても考察され、ポケモンの特性や行動パターンについても言及されました。タイプはポケモンのバトルにおいて重要な要素であり、その組み合わせや変化によって戦略が生まれます。プレゼンテーションでは、ポケモンのタイプに関する設定やゲームのデザインについても説明され、初心者にもわかりやすく伝えられました。さらに、ポケモンに関するさまざまな話題やゲームについても取り上げられ、参加者はポケモンのタイプについての理解を深めることができました。,ポケモンの進化・生態,"['#ポケモンの特性', '#リージョンフォーム', '#ポケモンタイプ']"
第2回ポケモン六物語,https://www.youtube.com/watch?v=Vw5QR2XNx1Q,「ポケモン6物語」というイベントでは、ポケモンの技についてのトークが行われました。参加者はそれぞれ好きなポケモンや技について話し、技の重要性や個性化について議論しました。具体的には、ポケモンのリザードンや飛行タイプのポケモンについての話題が取り上げられ、技の威力やタイプ相性についても説明されました。また、特殊な技であるデュアルクロスやクロスフレーム、道連れについても言及されました。さらに、ポケモンの技成長やポケモンバトル文化の誕生についての考察も行われました。参加者はこのプレゼンテーションを楽しんでおり、ポケモン映画についての投票も行われました。,ポケモンというゲーム・その戦略,"['#ポケモン戦略', '#バトル戦略', '#ポケモン技', '#ポケモンバトル文化']"
第四世代補完として見るポケモンレンジャーシリーズ【リモポケ学会#1】,https://www.youtube.com/watch?v=6z4Qt-cL6o8,このプレゼンテーションでは、ポケモンレンジャーシリーズについて詳しく説明されています。ポケモンレンジャーシリーズはポケモンの世界観を楽しむための重要な要素であり、各作品の概要や特徴、リリース年などが紹介されています。また、ポケモンレンジャーシリーズのゲームプレイや連動する作品についても説明されています。さらに、最近のポケモンのゲーム開発や特徴についても触れられており、新しい要素や楽しさが追加されていることが紹介されています。プレゼンテーションの最後には、プレイのおすすめや関連情報の紹介があり、新しいゲームの魅力や楽しさを伝えるためにプレイを推奨しています。,ポケモンというゲーム・その戦略,"['#ポケモンレンジャーシリーズ', '#ゲーム戦略', '#新作ポケモンのヒント']"
超人と携帯獣を繋ぐモノ【リモポケ学会#mini2】,https://www.youtube.com/watch?v=HV4NYf2fDHE,このプレゼンテーションでは、ポケモンとスーパーロボット大戦シリーズの関係について説明されています。ポケモンの開発者たちはロボットアニメに影響を受けており、ポケモンにはロボットアニメからの要素が見られます。特にポケットモンスターソードシールドのダイマックス要素は聖戦士ダンパインからの影響が強いとされています。ポケモンをより楽しむためにはスーパーロボット大戦シリーズをプレイすることがおすすめされています。また、ポケモンに関連する事例や同人誌についても紹介されています。最後に、質疑応答の時間が設けられ、参加者からの質問に答えられます。,基本情報,"['#ポケモンの歴史', '#ポケモンデザイン', '#ポケモンと他のメディアとの関連性']"
鳥ポケモンの生態について・順位に関する案【リモポケ学会#3】,https://www.youtube.com/watch?v=yDCxqijFEuo,このプレゼンテーションでは、鳥ポケモンの生態や特徴について詳しく解説されました。プレゼンターは菖蒲鳥さんで、ポケモンの名前や外見、生息地、能力などについて説明しました。また、ポケモンの進化における生息地の変化や性格の変化についても考察され、ポケモン同士の関連性や実際の鳥との比較も行われました。プレゼンテーションの結論としては、鳥ポケモンの外見的変化と内面的変化の2つの要素があり、それぞれのポケモンに特徴があることが示されました。さらに、ポケモンに関するさまざまな質問や意見も取り上げられ、ポケモンについて深く考えるきっかけとなる内容でした。,ポケモンの進化・生態,"['#ポケモンの進化', '#ポケモンの生態学', '#鳥ポケモン']"
徹底解説！グレイシアGX（非公式）【リモポケ学会#mini1】,https://www.youtube.com/watch?v=2TMxpmr4wqs,このプレゼンテーションでは、グレイシアGXについて詳しく解説されています。グレイシアGXは1進化のポケモンで、特性凍てつく瞳を持ち、相手のポケモンの特性を無効化することができます。さらに、強力な技を持っており、エナジー進化のEVやダブル無色エネルギーを使うことで効果的に活用することができます。プレゼンテーションでは、グレイシアGXの特性を活かしたデッキ構築や対戦相手との相性についても解説されています。また、グレイシャーGXデッキの特徴や相性、他のデッキとの対戦結果も紹介されています。さらに、最新のレギュレーションではグレイシアの活躍が見られるとのことで、実績もあるデッキとして紹介されました。,ポケモンというゲーム・その戦略,"['#ポケモン戦略', '#ゲーム戦略', '#バトル戦略', '#ポケモン対戦', '#ポケモンデッキ構築']"
電気タイプジムリーダーなのに追加メンバーが水・飛行!?【リモポケ学会#4】,https://www.youtube.com/watch?v=7Uhi_U6bmJk,このプレゼンテーションでは、パーの再戦を提案しています。パーはみずひこうタイプであり、電気タイプではありませんが、過去には専門タイプ以外のポケモンを使うトレーナーも存在しました。パーはドラゴンタイプ以外を使う理由付けがされていますが、電磁の要素は見当たりません。それでも、パーは美しくはまっているポケモンであり、その理由を3つ紹介しています。,ポケモンというゲーム・その戦略,"['#ジムリーダー', '#ポケモンタイプ', '#ポケモン戦略']"
同じポケモンだらけのバトル！ 種族統一をやってみよう【リモポケ学会#4】,https://www.youtube.com/watch?v=kPjkJ9glkEY,"このプレゼンテーションでは、ポケモンの種族統一という遊び方について紹介されています。種族統一では、同じ図鑑番号のポケモンだけを使ってパーティを組むことが求められます。ルールとしては、ノーマンルールで戦い、図鑑番号を揃えることや進化形の重複を避けることが必要です。プレゼンテーションでは、種族統一の楽しみ方やパーティの組み方も紹介されています。

また、プレゼンテーションでは、ポケモンのゴリランダーについての情報も紹介されています。ゴリランダーは、ランクマや家庭で強いポケモンとして選ばれており、その理由としては、古座川土付きの子供を選ぶ際に意識していたことや、タイプの面子として山王を選んだことが挙げられます。ゴリランダーの覚える技や特性、タイプ種族値なども紹介され、技の豊富さや特性の効果がポイントとされています。さらに、ゴリランダーを使ったサイクル戦術や起点作りについても説明されています。

他にも、ポケモンのパーティー編成においての問題点や特定のポケモンの弱点や対策についても言及されています。さらに、グラスシードランダーというポケモンの活用方法や、ニックネームの重要性、技の選択の重要性、特性やタイプの組み合わせの強さなども説明されました。過去作のポケモンや特定の技の使用についても触れられ、それらのポケモンや技の強さや役割についても話されました。

プレゼンテーションはわかりやすくまとまっており、参加者からも好評でした。質疑応答では、アルセウスやレジギガスなどのポケモンについての質問がありました。最後に、プレゼンテーションの要点をまとめて感謝の意を述べる場面がありました。エンディングでは、質問や座談会での意見交換を期待して終了しました。",ポケモンというゲーム・その戦略,"['#種族統一バトル', '#ゴリランダー', '#ポケモン戦略', '#バトル戦略']"
同じポケモンだらけのバトル！種族統一をやってみよう in パルデア【リモポケ学会#7】,https://www.youtube.com/watch?v=zpK8AfetJ24,"このプレゼンテーションでは、ポケモンの種族統一バトルについて説明されています。種族統一とは、同じ図鑑番号のポケモンだけでパーティーを組むことを指し、ポケモンSVを利用してオンラインでバトルすることができます。ルールはノーマルルールで、ポケモンの図鑑番号を揃えることが必要です。持ち物の重複は禁止されています。また、新要素のテラサラやダイマックスの配信により、対戦環境が変化し、苦手な相手に対抗する方法が増えました。ただし、相手も同じ手法を使えるため、勝つためには戦略が必要です。

テラサル環境では、ダイマックス環境と比べて使い勝手が変わり、試行弱点のポケモンの立場も苦しくなることがあります。しかし、ダイマックスすることで一部の技に耐性を持つことができるため、テラサル環境では戦術が制限されることもあります。テラサル環境では公式の自由度が大幅に上がっており、メリットが多いと言えます。ただし、テラピース不足の問題もあります。テラピースを消費してポケモンを入手する方法は限られており、イベントルートでポケモンが登場する機会も少ないため、テラサル環境で種族統一パーティーを組むためには工夫が必要です。

ポケモンのタイプや特性、技の組み合わせを活用することで、戦術や戦略を組み立てることができます。特に、砕ける鎧やニトロチャージなどの特性を持つポケモンは、火傷などの状態異常を防ぐことができます。また、シングルバトルでは3匹のポケモンが必要であり、それぞれのポケモンには役割があります。起点作りやアタッカーなど、それぞれのポケモンに合った役割を持たせることが重要です。さらに、テラスタイプのポケモンを活用することで、サイクル戦などの戦術も可能です。パーティーの対応力を高めるためには、炎タイプや特殊攻撃に対する対策が必要です。

種族統一パーティーを組む際には、レンタルパーティーやツイッターの情報を活用することができます。仲間大会やトーナメント戦などのイベントに参加することで、種族統一パーティーの楽しみ方を広げることができます。ポケモンの中で一番強いと思われるポケモンについても話され、ドラパルトやマーシャドウ、ヤドラン統一などが強いとされています。見た目が好きなポケモンを統一することも面白いとされています。プレゼンテーションは質疑応答の形で終了し、次のプレゼンテーションについてのアンケートが行われることが告知されています。",ポケモンというゲーム・その戦略,"['#ポケモン戦略', '#ゲーム戦略', '#バトル戦略', '#ポケモン対戦', '#種族統一バトル']"
売り上げから見るBDSPと LEGENDS アルセウス【リモポケ学会#5】,https://www.youtube.com/watch?v=bAT4F4FzC9U,このプレゼンテーションでは、ポケモンの新作ゲームである「ポケットモンスターブリリアントダイヤモンドシャイニングパール」と「ポケモンレジェンズアルセウス」について話されています。プレゼンターはポケモンに詳しくない方であり、売上についての情報は任天堂の決算情報を主に使用しています。売上の読みづらさやリメイクの流れについても説明されており、推測や個人の見解も含まれています。ポケモンのリメイク作品である「ブリリアントダイヤモンドシャイニングパール」は好調な売り上げを記録しており、特に「オメガルビーアルファサファイア」を上回っています。スイッチの成功により、ポケモンの新作もしっかりと売れており、ポケモンの売り上げを他のゲームと比較すると、任天堂のIPが他のサードパーティーのゲームに比べて優れていることが示されています。ポケモンのリメイク作品の売り上げが予想よりも低かったことやポケモンシリーズ全体の成長率の弱さも指摘されています。リメイク作品の省力化によって新作「レジェンズアルセウス」の売り上げが上乗せされ、ポケモンシリーズ全体の売り上げが改善された可能性もあると述べられています。ポケモンの売り上げにはコンスタントなゲームリリースや他のゲームの売り上げ、通信環境やオンライン機能の有無などが影響していることも指摘されています。リメイク作品の幅やポケモンGOの成功も話題になっており、スプラトゥーンとポケモンの競合も考慮されています。最後に、ポケモン図鑑の説明文についても触れられており、その中で気になる点について紹介されます。,商品・経済,"['#ポケモン売上', '#ポケモンリメイク', '#ポケモン新作', '#ポケモンゲーム比較']"
秘伝スパイス徹底考察 ～ なぜ”しぶスパイス”ではなく”しおスパイス”なのか？【リモポケ学会#7】,https://www.youtube.com/watch?v=YdZXaIbMuj0,このプレゼンテーションでは、ポケモンの秘伝スパイスについての考察が行われました。秘伝スパイスはポケモンの毛がや病気を治す効果を持つ薬草のようなアイテムであり、薬膳をモチーフにして味を設定されています。薬膳では、食材の味を木の育てる性質に結びつく苦み、土の育てる性質に結びつく甘味、金の固定する性質に結びつくカラー、水の冷やす性質に結びつく甘味と対応させます。ポケモンの秘伝スパイスの味もこれらの対応に基づいており、薬膳の要素を強調するために使用されている可能性があります。また、秘伝スパイスの成分は元々エリア0に生息していた植物に由来しており、ポケモンの回復アイテムである秘伝の薬やスパイスには腎臓に働きかける効果があります。プレゼンテーションでは、ポケモンを通じて味覚と科学について学ぶことを提案しており、試食の重要性や美味しさの要素にも言及されています。,その他,"['#ポケモン料理', '#秘伝スパイス', '#ポケモンと科学']"
無敵を創ろう～ポケモン特殊戦術考察部～【リモポケ学会#4】,https://www.youtube.com/watch?v=DbzivYyeKD0,このプレゼンテーションでは、ポケモンの特殊戦術について解説されています。具体的には、無敵なポケモンを作る手順や戦術の展開方法が紹介されています。特に、サーナイトとマタドガスを使い、化学変化ガスとトレースの効果を活用して無敵のポリゴン2を作り出す方法が詳しく説明されています。また、ポケモンバトルにおける構築や戦術についても説明されており、最適な組み合わせを見つけることや予想外の状況に対応することが重要であることが強調されています。さらに、無敵パという戦術についても詳しく解説されており、特性やアイテムの効果的な使い方や相手の攻撃に対する対策方法が紹介されています。ポケモンの戦術や持ち物についても話されており、防御が最大の攻撃や特定の技や持ち物の選択の重要性が説明されています。最後に、プレゼンターはポケモンについての知識が豊富であり、自分なりの戦術を考えることがきっかけでプレゼンをすることになったことが伝えられています。,ポケモンというゲーム・その戦略,"['#ポケモン戦略', '#ゲーム戦略', '#バトル戦略', '#特殊戦術']"
料理を通じてポケモン界への理解を深めよう【リモポケ学会#5】,https://www.youtube.com/watch?v=U9eAo6U33hY,このプレゼンテーションでは、ポケモン界への理解を深めるために料理を通じてポケモンとの関係性を紹介しました。プレゼンターはポケモンと日常生活の連動によってゲーム内での捕獲やリワードの得られることを説明しました。また、ポケモンと料理の関係についても話が進み、ポケモンらしい料理の例やマラサダの紹介がありました。しかし、マラサダの再現は難しいため、プレゼンターは増田料理を提案しました。増田料理はポケモン界への理解を深めるために簡単に再現できる料理であり、ポケモンファンにとって興味深いものとなるでしょう。さらに、ポケモンに関連する料理や食べ物についても話が展開され、具体的な料理や食べ物の紹介がありました。最後にはポケモンに関する新作ゲームの売上についても触れられました。,その他,"['#ポケモン料理', '#新作ポケモンのヒント', '#増田純一（ポケモンのクリエイター）']"
歴代グレイシアについて【リモポケ学会#1】,https://www.youtube.com/watch?v=Ts1Vkr_FMrY,このプレゼンテーションでは、氷タイプのポケモンであるグレイシアについて詳しく説明されました。グレイシアは特殊な進化方法を持ち、さまざまなゲームや外伝作品で活躍することができます。プレゼンでは、グレイシアが登場するゲームやステージ、場所についても触れられました。また、グレイシアの特徴や進化方法についても説明され、関連する作品やイベントについても紹介されました。最後には、ポケモンに関連するゲームやグッズについても言及され、参加者に感謝の意を伝えてプレゼンテーションは終了しました。,基本情報,"['#ポケモンの進化', '#ポケモン図鑑', '#グレイシア', '#ポケモングッズ']"
