title,url,
「キミはせかいのはじまりをしっているか」～ポケモン本編の悪の組織とは～【リモポケ学会#4】,https://www.youtube.com/watch?v=tYP62qoR0Bw,
「伝説の鳥ポケモン」とは何か～ファイヤーは既に進化したポケモンである～【リモポケ学会#3】,https://www.youtube.com/watch?v=C_8lQ0Epy7E,
『ティラノサウルスの化石』を探しに行こう【リモポケ学会#3】,https://www.youtube.com/watch?v=BhSinaoJM4c,
『未知』の存在について【リモポケ学会#2】,https://www.youtube.com/watch?v=RlUth3y71QY,
&quot;今&quot;をトキメク　1/8192の世界【リモポケ学会#2】,https://www.youtube.com/watch?v=PCElzkYT78k,
96～&#39;99 ポケモンホビーを共に振り返ろう【リモポケ学会#5】,https://www.youtube.com/watch?v=f29jmmz77N4,
AIは「ふしぎな生きもの」の夢を見るか【リモポケ学会#6】,https://www.youtube.com/watch?v=z4XULbTxi3c,
AR写真をはじめよう！夢と冒険とポケットモンスターの世界へ！【リモポケ学会#3】,https://www.youtube.com/watch?v=-IcrOK4bWws,
GO TO MASUDA【リモポケ学会#2】,https://www.youtube.com/watch?v=9yb4cPXmbWA,
LEGENDSアルセウス コトブキムラ住民動態【リモポケ学会#3】,https://www.youtube.com/watch?v=aiwbMUK7Jo0,
Pokémon WCSを楽しもう カードゲーム編【リモポケ学会ex】,https://www.youtube.com/watch?v=bHUte8v_lXs,
ある男【リモポケ学会#6】,https://www.youtube.com/watch?v=YGHAc3R7haQ,
エーフィは何故たいようのいしで進化しないのか？【リモポケ学会#5】,https://www.youtube.com/watch?v=_48Gp5ybxys,
オニシズクモがすごい！【リモポケ学会#mini1】,https://www.youtube.com/watch?v=l7IJZtSdhq4,
コイキングの強さ ギャラドスの弱さ【リモポケ学会#7】,https://www.youtube.com/watch?v=1ppzheaqgO0,
サンドイッチ爆発学番外編 「なぜ我々は高所から具材を落とすのか？」【リモポケ学会#mini1】,https://www.youtube.com/watch?v=t28BmPqdOgw,
ジムリーダーから考えるキャラクターコンテンツとしてのポケモン【リモポケ学会#7】,https://www.youtube.com/watch?v=JiAz2LRPl0Y,
ジムリーダーから考えるポケモンリーグ～組織と地域性～【リモポケ学会#6】,https://www.youtube.com/watch?v=z1SmXnawQLw,
シンオウ地方の忘れられた神と宗教【リモポケ学会#2】,https://www.youtube.com/watch?v=pPD4ckuyh_M,
シンプルな対戦システムながら奥が深いGOの対戦【リモポケ学会ex】,https://www.youtube.com/watch?v=W3eo8Ae3SkA,
スタートデッキ100の魅力 ~構築済みの新時代~【リモポケ学会#2】,https://www.youtube.com/watch?v=sqdhuPsQ0mM,
スバイレット増田　御意見無用【リモポケ学会#6】,https://www.youtube.com/watch?v=9GCqH2zD4gE,
ターンという概念の芽生え ～ルール追加による変遷～【リモポケ学会#3】,https://www.youtube.com/watch?v=Qo6ki8ehN2c,
テラスタルとポケモンの脳〜医学的検査にむけての考察〜【リモポケ学会#7】,https://www.youtube.com/watch?v=7Sqdi1uVibY,
トランセルとモルフォンを繋ぐ痕跡は初期ドットにあった!?【リモポケ学会#4】,https://www.youtube.com/watch?v=VomXARRySeA,
トレーナーが繰り出すポケモンに込められた意図の考察【リモポケ学会#1】,https://www.youtube.com/watch?v=qwk3WHN4S6o,
ニックネームのすゝめ【リモポケ学会#2】,https://www.youtube.com/watch?v=R5qhySnboUc,
バタフリーとモルフォンは入れ替わったのか？【リモポケ学会#4】,https://www.youtube.com/watch?v=3VCHzUti5sw,
パラドックスポケモンの正体に迫る！【リモポケ学会#6】,https://www.youtube.com/watch?v=PHFoZxek62U,
フランス語ポケモン名にみるポケモンの翻訳ー「世界共通名称」へのこだわりと固有の名前ー【リモポケ学会#7】,https://www.youtube.com/watch?v=CRLaEQ5wzAA,
ポケカを読む【リモポケ学会#3】,https://www.youtube.com/watch?v=rNT-BnXYqlI,
ポケモンWordle考察【リモポケ学会#5】,https://www.youtube.com/watch?v=aBC9v73ntLk,
ポケモンアーケードの歴史と魅力【リモポケ学会#mini2】,https://www.youtube.com/watch?v=9yFYGibxO7w,
ポケモンカードコインの話―裏面の変遷と謎―【リモポケ学会#1】,https://www.youtube.com/watch?v=2-Bzx4zo2V8,
ポケモンからトレーナーを読む～美しすぎるオクタンの後継者【リモポケ学会#4】,https://www.youtube.com/watch?v=iY35KneYBGc,
ポケモンが大好きなあなたにススメたいポケモンユナイト観戦の楽しみ方【リモポケ学会ex】,https://www.youtube.com/watch?v=5jxmGGACoyQ
ポケモンクイズは作りにくい！～エンターテインメントと演出における苦悩～【リモポケ学会#7】,https://www.youtube.com/watch?v=yNYfMPFnYWQ,
ポケモンで学ぶ 味覚と嗜好の科学【リモポケ学会#7】,https://www.youtube.com/watch?v=NNXndYF-4lM,
ポケモンとグローバリズム【リモポケ学会#4】,https://www.youtube.com/watch?v=t1i6Tjy4A68,
ポケモンのキャラクターデザインにおける色彩の変化について【リモポケ学会#6】,https://www.youtube.com/watch?v=cQv8KSR50_c,
ポケモンのたかさについて【リモポケ学会#1】,https://www.youtube.com/watch?v=tqo3NVpZaCo,
ポケモンの失われた形態  メガヤンマはパラドックスポケモンであるか 【リモポケ学会#6】,https://www.youtube.com/watch?v=sOJOeMu81ro,
ポケモンの進化に伴う文字数変化について【リモポケ学会#6】,https://www.youtube.com/watch?v=_tVpz0JNCFM,
ポケモンの人物名モチーフにおける植物とその世代別傾向【リモポケ学会#1】,https://www.youtube.com/watch?v=KLrNwHXsn3Y,
ポケモンの微細構造について考える ～構造色から透明マントまで～【リモポケ学会#5】,https://www.youtube.com/watch?v=3CXxsk1XfKI,
ポケモンの名言を深掘り！【リモポケ学会#3】,https://www.youtube.com/watch?v=0xae45K5E-I,
ポケモンを実験体としたAIによる研究【リモポケ学会#1】,https://www.youtube.com/watch?v=bIW4tZpKmX8,
ポケモン世界の異類婚姻譚【リモポケ学会#7】,https://www.youtube.com/watch?v=pXwd04Mrvzs,
ポケモン世界大会の魅力【リモポケ学会ex】,https://www.youtube.com/watch?v=tVhqzvP07Ro,
ポケモン前史 ポケモンはいかにして生まれたのか【リモポケ学会#5】,https://www.youtube.com/watch?v=OjRmUMF4-h8,
ポケモン対戦アクションの最高峰 WCSポッ拳部門で熱くなろう！【リモポケ学会ex】,https://www.youtube.com/watch?v=cHph0KuSL74,
ポケモン対戦動画を機械学習で解析する【リモポケ学会#mini2】,https://www.youtube.com/watch?v=RPjcT_GfoZs,
ポケモン物理数学 〜ポケモンが世界に及ぼす異常性〜【リモポケ学会#3】,https://www.youtube.com/watch?v=H_o7u1t9Hzg,
ポケモン物理数学〜Ⅰ 風といっしょに Ⅱ 強肉弱食こそ理〜【リモポケ学会#7】,https://www.youtube.com/watch?v=xuLByIymaXo,
ポケモン物理数学〜Ⅰ.お金の使い方　Ⅱ.ポケカ必勝法〜【リモポケ学会#5】,https://www.youtube.com/watch?v=l-hp3eDogXI,
ポケモン物理数学〜宇宙とは何処か？サーナイト・ウルトラワープライド仮説の提唱〜【リモポケ学会#6】,https://www.youtube.com/watch?v=tdwz7AoXaFg,
ポケモン物理数学～アイアンとクイタランの捕食・被食関係～【リモポケ学会#2】,https://www.youtube.com/watch?v=mxfyjH3oWSA,
ポニータ石井から見るポケモンカードプロモーション近代史【リモポケ学会#5】,https://www.youtube.com/watch?v=-eXsZ24oTTI,
マスダアワードを振り返る【リモポケ学会#5】,https://www.youtube.com/watch?v=0a1dDsPtidA,
むしタイプの特異性【リモポケ学会#5】,https://www.youtube.com/watch?v=QiljgtSgfiA,
ヤルカ！ポケカ【リモポケ学会#5】,https://www.youtube.com/watch?v=DaP8DB3q7mw,
リージョンフォームを生物マニアが曲解してみる&amp;リージョンフォームを実在生物で探してみよう【リモポケ学会#2】,https://www.youtube.com/watch?v=R2ikJnHC_80,
リモート&#39;2まいがいポケモン&#39;学会【リモポケ学会#6】,https://www.youtube.com/watch?v=ppXO8gJf7es,
確率・統計でキンセツゲームコーナーを徹底分析 ～最適な立ち回りを検証～【リモポケ学会#4】,https://www.youtube.com/watch?v=ZvCTfQEbJG0,
寄生？共生？パラス族とキノコ【リモポケ学会#5】,https://www.youtube.com/watch?v=acVJTe5Azk4,
剣盾ダブルとWCSの魅力【リモポケ学会ex】,https://www.youtube.com/watch?v=yPwkO-y0rdQ,
幻のポケモンゲーム「ポケモン×〇〇を想像してみた！【リモポケ学会#1】,https://www.youtube.com/watch?v=ud1nJxgIOlE,
現実世界と仮想世界を繋ぐポケモンの未来【リモポケ学会#1】,https://www.youtube.com/watch?v=L85D1VMPAc0,
黒いリザードンの歴史【リモポケ学会#2】,https://www.youtube.com/watch?v=bt7xxu6Gv_A,
今日から使える撮影知識～New ポケモンスナップやりこみのススメ～【リモポケ学会#2】,https://www.youtube.com/watch?v=h2U_2HysruQ,
私たちの居場所　令和トリプル【リモポケ学会#4】,https://www.youtube.com/watch?v=fFjNGpSzFUw,
星座とポケモン【リモポケ学会#4】,https://www.youtube.com/watch?v=c8eUW51U_c8,
増田と「伏線」【リモポケ学会#4】,https://www.youtube.com/watch?v=gLhgQY3wLr0,
第1回ポケモン六物語,https://www.youtube.com/watch?v=NeB5fxD0oXs,
第2回ポケモン六物語,https://www.youtube.com/watch?v=Vw5QR2XNx1Q,
第四世代補完として見るポケモンレンジャーシリーズ【リモポケ学会#1】,https://www.youtube.com/watch?v=6z4Qt-cL6o8,
超人と携帯獣を繋ぐモノ【リモポケ学会#mini2】,https://www.youtube.com/watch?v=HV4NYf2fDHE,
鳥ポケモンの生態について・順位に関する案【リモポケ学会#3】,https://www.youtube.com/watch?v=yDCxqijFEuo,
徹底解説！グレイシアGX（非公式）【リモポケ学会#mini1】,https://www.youtube.com/watch?v=2TMxpmr4wqs,
電気タイプジムリーダーなのに追加メンバーが水・飛行!?【リモポケ学会#4】,https://www.youtube.com/watch?v=7Uhi_U6bmJk,
同じポケモンだらけのバトル！ 種族統一をやってみよう【リモポケ学会#4】,https://www.youtube.com/watch?v=kPjkJ9glkEY,
同じポケモンだらけのバトル！種族統一をやってみよう in パルデア【リモポケ学会#7】,https://www.youtube.com/watch?v=zpK8AfetJ24,
売り上げから見るBDSPと LEGENDS アルセウス【リモポケ学会#5】,https://www.youtube.com/watch?v=bAT4F4FzC9U,
秘伝スパイス徹底考察 ～ なぜ”しぶスパイス”ではなく”しおスパイス”なのか？【リモポケ学会#7】,https://www.youtube.com/watch?v=YdZXaIbMuj0,
無敵を創ろう～ポケモン特殊戦術考察部～【リモポケ学会#4】,https://www.youtube.com/watch?v=DbzivYyeKD0,
料理を通じてポケモン界への理解を深めよう【リモポケ学会#5】,https://www.youtube.com/watch?v=U9eAo6U33hY,
歴代グレイシアについて【リモポケ学会#1】,https://www.youtube.com/watch?v=Ts1Vkr_FMrY,
